timestamp,accel_x,accel_y,accel_z,gyro_x,gyro_y,gyro_z,mag_x,mag_y,mag_z,latitude,longitude,speed,accel_magnitude,linear_accel_x,linear_accel_y,linear_accel_z
1790250601402,0.20026991460594357,0.4197181506901742,9.660990062136099,0.00011656592199223273,-0.00035676607662533136,0.0000072928871711972505,-33.34663942373654,-22.23743069900757,-23.475603168293606,23.3352096,85.3205683,0.0,9.67217660846862,0.20026991460594357,0.4197181506901742,-0.1490099378639016
1790250601511,0.1972282477388422,0.41941928157179525,9.661788433397678,0.000005412479429107608,-0.000026834146518835877,-0.00009663574027251726,-33.18073747217847,-22.206654519713684,-23.69402033773738,23.3352096,85.3205683,0.0,9.672898595932736,0.1972282477388422,0.41941928157179525,-0.14821156660232226
1790250601611,0.19864368488956058,0.4187346112195542,9.65634693897457,0.00010385613070617778,-0.00006668606298873867,-0.00001902510380417662,-33.113761880345,-22.222595384225016,-23.556316666964573,23.3352096,85.3205683,0.0,9.66746265542429,0.19864368488956058,0.4187346112195542,-0.1536530610254303
1790250601720,0.1976887691441057,0.4234518955306556,9.649060357976216,0.0000987510629731103,-0.00025715407013930034,0.000249003497180281,-33.30849135353048,-22.510511007646194,-23.735048971637063,23.3352096,85.3205683,0.0,9.660370497509001,0.1976887691441057,0.4234518955306556,-0.1609396420237843
1790250601820,0.19661862857124257,0.426547304443995,9.645064169907526,0.00012335253093374155,-0.0003498697135274118,0.00018972367627056959,-33.26459030298942,-22.462486473807907,-23.90065474567732,23.3352096,85.3205683,0.0,9.656493376462473,0.19661862857124257,0.426547304443995,-0.1649358300924746
1790250601929,0.20011232083801214,0.42278262187269017,9.641785011653033,0.00010385242886712562,-0.00017914081462767613,-0.0001162530791660656,-33.020735802881134,-22.23941656387883,-23.962252810551252,23.3352096,85.3205683,0.0,9.653124276484053,0.20011232083801214,0.42278262187269017,-0.1682149883469677
1790250602029,0.20030720608715255,0.4253729310822457,9.637001127353985,0.00001973334599208986,-0.00020127299441071765,0.00029114547318163627,-33.09226964260731,-22.085179571283355,-24.07270027913234,23.3352096,85.3205683,0.0,9.648463910692204,0.20030720608715255,0.4253729310822457,-0.17299887264601566
1790250602143,0.19713100089350083,0.4255873473219025,9.633509605221393,-0.00007738113383310913,-0.00003458769767317353,0.0003632732034206519,-33.126731408536074,-21.817960156665634,-23.9427798550609,23.3352096,85.3205683,0.0,9.644920556210227,0.19713100089350083,0.4255873473219025,-0.1764903947786074
1790250602249,0.19628282023310684,0.4233365294232119,9.62613979995348,-0.00003551558303405214,0.0000151627250140386,-0.000013927307439015893,-33.10972085728245,-21.99149720006656,-24.042091318492734,23.3352096,85.3205683,0.0,9.637443032823136,0.19628282023310684,0.4233365294232119,-0.18386020004652082
1790250602359,0.19717922495186058,0.42443061487276723,9.622747065622454,-0.00010392280563280336,0.00008957132529744913,-0.00017731002376911644,-33.15379051077276,-22.130736231364878,-23.832017408684802,23.3352096,85.3205683,0.0,9.634120721816778,0.19717922495186058,0.42443061487276723,-0.18725293437754686
1790250602459,0.19579676810470387,0.4221154066671826,9.612473815057715,0.0000085023164834222,-0.00008442224965475687,-0.0001757412896655186,-33.260511746092334,-22.412303858394402,-23.659265895719752,23.3352096,85.3205683,0.0,9.623729559589476,0.19579676810470387,0.4221154066671826,-0.19752618494228535
1790250602565,0.19956421189094944,0.42315049339153904,9.607944565813575,0.000019452340253924953,0.00007271999899487716,-0.00006913389452402988,-33.26498840533197,-22.31948209424913,-23.438038204979037,23.3352096,85.3205683,0.0,9.619328510580754,0.19956421189094944,0.42315049339153904,-0.20205543418642513
1790250602674,0.19844922871562268,0.4199817004874074,9.604933717017452,0.00018499819733710246,-0.000194926093675244,0.00015671340001504393,-33.35193723425472,-22.041196225256844,-23.302204031812217,23.3352096,85.3205683,0.0,9.61615923502834,0.19844922871562268,0.4199817004874074,-0.20506628298254803
1790250602774,0.19979778230157952,0.41854501021586843,9.60555338964737,-0.00016718155018560535,-0.000130327505926644,-0.000006365535358807711,-33.171395152088735,-22.349023913954028,-23.102459503952982,23.3352096,85.3205683,0.0,9.616743471714077,0.19979778230157952,0.41854501021586843,-0.20444661035262968
1790250602883,0.19774485941059636,0.4212204819688725,9.607281547281222,-0.00030341411047249173,0.0003496898576254259,0.00012480134180694328,-33.25498484680612,-22.57365251106837,-23.222804643121854,23.3352096,85.3205683,0.0,9.618543988181562,0.19774485941059636,0.4212204819688725,-0.20271845271877886
1790250602983,0.19834514799780284,0.41981831897990596,9.606628802716434,0.00019018492368286797,0.0004676863616205235,0.00019691321457028065,-33.34399355724013,-22.439420666813504,-23.412530622014675,23.3352096,85.3205683,0.0,9.617843062343363,0.19834514799780284,0.41981831897990596,-0.20337119728356612
1790250603093,0.1952345182456927,0.4202303296619175,9.610820843001438,0.00003357709992769632,0.0003894468799166183,-0.00004773227955250841,-33.555197209757395,-22.076710740480323,-23.34826720717894,23.3352096,85.3205683,0.0,9.621984583408626,0.1952345182456927,0.4202303296619175,-0.1991791569985626
1790250603201,0.19757059306826513,0.42222985825968473,9.615814788242343,-0.0007371021870886219,0.0003873793633676553,-0.00008867205009306439,-33.58523535860338,-21.91742334365402,-23.040223611645906,23.3352096,85.3205683,0.0,9.627107885249416,0.19757059306826513,0.42222985825968473,-0.19418521175765768
1790250603303,0.19645457801589564,0.4215677074440681,9.61669767394357,-0.0018246089016287872,0.001484282896796949,0.0000764163174883882,-33.39279825488307,-22.105616800578566,-22.685013599450272,23.3352096,85.3205683,0.0,9.627937883327599,0.19645457801589564,0.4215677074440681,-0.19330232605643083
1790250603410,0.19140171353852894,0.4159139888582982,9.624538700765555,-0.0013082573522340743,0.0025038380190063325,-0.00003227013523804517,-33.13588160598594,-22.408603560393026,-22.75907714365522,23.3352096,85.3205683,0.0,9.635422370846408,0.19140171353852894,0.4159139888582982,-0.18546129923444532
1790250603510,0.1825365969305319,0.4205515120008372,9.623637056860362,-0.0002995590041094416,0.002336849805863378,-0.0002911212843827271,-32.77315167395887,-22.390816430775157,-22.814236112898158,23.3352096,85.3205683,0.0,9.634551021487257,0.1825365969305319,0.4205515120008372,-0.1863629431396383
1790250603621,0.18747391090455715,0.4159732436254306,9.629651869360899,-0.00030502817797552033,0.0006094463426690083,-0.00043481395942677613,-32.970901956123825,-22.2898960599223,-23.215902490422177,23.3352096,85.3205683,0.0,9.640455141318172,0.18747391090455715,0.4159732436254306,-0.1803481306391017
1790250603728,0.19306516048490954,0.4250658027469399,9.640450728840236,-0.00009340576438570632,-0.0001133101960828152,0.0005645715312052939,-33.24505141475817,-22.207232647917575,-23.282461094052746,23.3352096,85.3205683,0.0,9.651748305258183,0.19306516048490954,0.4250658027469399,-0.16954927115976481
1790250603829,0.20137094210732343,0.4169584174617746,9.706262693826806,-0.000623601222026439,-0.000013028787594205272,0.00021319651797379295,-33.232293669433474,-22.463712804867072,-23.350934079954353,23.3352096,85.3205683,0.0,9.717301068701712,0.20137094210732343,0.4169584174617746,-0.1037373061731941
1790250603939,0.20785337362226827,0.42290700611336896,9.656236152267454,-0.0009711375098838247,-0.0025546579672324475,-0.000086118182444299,-32.89856609994342,-22.503661724859757,-23.26046362594972,23.3352096,85.3205683,0.0,9.667727240106792,0.20785337362226827,0.42290700611336896,-0.15376384773254692
1790250604040,0.11416436705473992,0.16579579586098742,9.664162750600205,-0.013352612606487464,0.0028859881531564783,-0.12291888481670826,-32.779421599916574,-22.579342397952956,-23.0062507870047,23.3352096,85.3205683,0.0,9.66625901880964,0.11416436705473992,0.16579579586098742,-0.14583724939979525
1790250604140,0.29932231159546463,0.3138377738147654,9.692650481797276,-0.02193193997873738,0.0024526107207375894,-0.2876651761808078,-32.64544018598461,-22.826792473886428,-22.962794295818153,23.3352096,85.3205683,0.0,9.70234823930665,0.29932231159546463,0.3138377738147654,-0.11734951820272421
1790250604246,-0.3809560670472268,-0.05425869327568075,9.723870339417001,0.016113039062116693,0.04154966343017744,-0.37919894897142975,-32.217157405804436,-23.313351164125955,-23.06002884738725,23.3352096,85.3205683,0.0,9.73148117752944,-0.3809560670472268,-0.05425869327568075,-0.08612966058299953
1790250604360,0.011026390591805726,0.643994177044145,9.559963160470863,-0.03033450634568634,0.10853901281059213,-0.20750079742941066,-31.492980566795172,-24.094087337405345,-23.2145119666347,23.3352096,85.3205683,0.0,9.581635857770651,0.011026390591805726,0.643994177044145,-0.25003683952913747
1790250604464,-0.02635094753550156,0.3615901038432972,10.069849211246124,0.024412736024541897,0.15498639062649897,-0.0660523409009727,-30.560119650155833,-25.03036557757198,-23.274213428397676,23.3352096,85.3205683,0.0,10.076373599309804,-0.02635094753550156,0.3615901038432972,0.2598492112461237
1790250604564,-1.4180228858519441,0.43081658386790145,10.396571634087355,0.2659935020643075,0.42679164852926155,-0.04263938643638095,-29.691183531569532,-26.053002484231786,-23.38017942457497,23.3352096,85.3205683,0.0,10.50167098972565,-1.4180228858519441,0.43081658386790145,0.5865716340873544
1790250604665,-1.813047643369395,0.7378895924535068,10.114478047975297,0.39012526758489263,0.5346714955294167,0.10143790635415993,-29.144991448874016,-27.048069380276882,-23.364229667755524,23.3352096,85.3205683,0.0,10.302149726671258,-1.813047643369395,0.7378895924535068,0.3044780479752962
1790250604773,-1.6085997032035575,1.2216192543868982,9.408603602522007,0.5089106092273927,0.3529798025207625,0.23742359126163068,-27.651502419990603,-28.519058548350625,-23.472317051105424,23.3352096,85.3205683,0.0,9.622981261398438,-1.6085997032035575,1.2216192543868982,-0.4013963974779937
1790250604886,-1.4880879258119637,1.6956325894025788,8.379426281110707,0.5192534160273615,0.046491439137928685,0.1673261774598503,-26.268688751307412,-29.63756196240104,-23.076291270388104,23.3352096,85.3205683,0.0,8.677808499486506,-1.4880879258119637,1.6956325894025788,-1.4305737188892937
1790250604992,-0.31584571803325545,2.860875593096332,8.276953289559899,0.8578271763195519,-0.7849140799564196,0.35794405111517036,-25.591025733254884,-30.551988732517724,-21.8620086173706,23.3352096,85.3205683,0.0,8.76312292703524,-0.31584571803325545,2.860875593096332,-1.533046710440102
1790250605092,0.5360531613477564,3.0421903438534272,9.825875621663481,-0.06220240999367269,-1.0493345152167957,0.1084472305509516,-26.378166171949577,-30.95454618442597,-19.57326983370936,23.3352096,85.3205683,0.0,10.30000518506795,0.5360531613477564,3.0421903438534272,0.015875621663481
1790250605205,1.1565189508364133,3.8012607737708533,10.348505163696144,0.3464421229344451,-0.6974972161722638,-0.2764464512750183,-27.219656759033164,-31.418795896100125,-16.869637211132307,23.3352096,85.3205683,0.0,11.085065569354946,1.1565189508364133,3.8012607737708533,0.5385051636961435
1790250605310,2.7001995099831184,5.001652501657444,10.177597504414043,0.8486914210640061,-0.5258156921685473,-0.30571730808278724,-27.401853597836414,-32.79779079410426,-13.20233336805942,23.3352096,85.3205683,0.0,11.65723363851408,2.7001995099831184,5.001652501657444,0.36759750441404293
1790250605425,4.815213474287757,3.5479276794750274,9.671613683537421,0.8039929694125738,-0.937348614824975,-0.33433457138320294,-27.14416806240664,-33.96064412472025,-9.343871618966771,23.3352096,85.3205683,0.0,11.371639409748083,4.815213474287757,3.5479276794750274,-0.13838631646257937
1790250605539,3.5428529565135296,3.0585155312224073,8.37790698435412,1.1860792625748884,-0.9522061855921153,-1.3099080292603194,-26.081520764867463,-35.356044887219895,-4.6792435491860225,23.3352096,85.3205683,0.0,9.59664783998532,3.5428529565135296,3.0585155312224073,-1.432093015645881
1790250605659,0.38349296071322314,4.3604104498010345,5.361150795143814,0.9803798801163662,-0.8988522574060462,-2.169457617108274,-22.12578570102011,-37.68677919603091,2.4792954253903634,23.3352096,85.3205683,0.0,6.921140367737228,0.38349296071322314,4.3604104498010345,-4.448849204856186
1790250605769,-3.4710334463168775,6.544816306726403,3.508262056752566,0.7620164101081685,0.22007465775152213,-2.458234206406803,-14.025249673917768,-40.29782368846626,9.289523671845116,23.3352096,85.3205683,0.0,8.196987027749403,-3.4710334463168775,6.544816306726403,-6.301737943247435
1790250605887,-5.880450720374095,7.9501616751184825,4.418519599242169,-0.20698687775321983,0.09818528154455047,-1.4652131645778457,-3.055370037171956,-41.224566245182636,14.055499846420485,23.3352096,85.3205683,0.0,10.830885780219369,-5.880450720374095,7.9501616751184825,-5.391480400757832
1790250606001,-5.057896415305443,7.739993427531536,5.92048113416744,-0.7097031481777096,-0.8645958718736961,0.10186983020714403,5.101204698635838,-41.3095315269019,15.592759145215402,23.3352096,85.3205683,0.0,10.979158039951132,-5.057896415305443,7.739993427531536,-3.88951886583256
1790250606105,-1.0704227710469463,6.302912250730212,7.427778678798097,-0.7544740552463203,-2.5131547917497064,0.6877471959752396,8.384332706641862,-41.93674783035414,13.988739777509236,23.3349197,85.3205683,4.262922286987305,9.800224683668656,-1.0704227710469463,6.302912250730212,-2.3822213212019037
1790250606214,2.0116505173394716,6.441334699718343,7.2784505481658055,0.28831265116998095,-2.8170266032311404,0.5299735577398147,9.238077333101478,-43.290642173595664,9.18290257569601,23.3349197,85.3205683,4.262922286987305,9.925390314733365,2.0116505173394716,6.441334699718343,-2.531549451834195
1790250606314,4.663983896880607,7.005343987957549,6.688670527820089,1.4366785618597815,-1.756097155746251,-0.2248916112026892,9.207494659834856,-43.82721504889322,6.304210210661236,23.3349197,85.3205683,4.262922286987305,10.750158306262456,4.663983896880607,7.005343987957549,-3.1213294721799114
1790250606426,4.6818240440083425,7.811136339714648,3.379056220893106,2.162073527840596,-0.04894277064432673,-1.3703041645172798,10.822596965572057,-43.05438409089851,7.4320608802510595,23.3349197,85.3205683,4.262922286987305,9.713462216976074,4.6818240440083425,7.811136339714648,-6.430943779106895
1790250606533,2.048370376104795,7.597268351178384,-1.4897864996573342,1.912656078264348,1.770282684427702,-2.74547870043094,14.756120170309515,-38.52773893524143,14.14079183652589,23.3349197,85.3205683,4.262922286987305,8.008356348969597,2.048370376104795,7.597268351178384,-11.299786499657335
1790250606644,-3.2356913569361363,6.786741824828064,-3.6502631330263875,0.7546284706803373,3.2507915864096457,-3.5333061016905227,17.855465601587948,-31.60295885995454,21.912432031808127,23.3349197,85.3205683,4.262922286987305,8.357869590664441,-3.2356913569361363,6.786741824828064,-13.460263133026388
1790250606751,-6.224966811399832,5.914771898922691,-0.8400813459641358,-0.8001432853770882,0.7814471300489956,-2.6332753221377385,18.229703593845088,-23.032366503121807,30.70357985915731,23.3349197,85.3205683,4.262922286987305,8.627889376154046,-6.224966811399832,5.914771898922691,-10.650081345964136
1790250606851,-7.771252796213957,5.775288586675059,-1.6591756653912997,-0.7053955295307671,0.03274209136617848,-1.8377177049816755,18.032564769752135,-18.786671143022,34.39790265343948,23.3349197,85.3205683,4.262922286987305,9.823400234677864,-7.771252796213957,5.775288586675059,-11.469175665391301
1790250606964,-8.94287545650893,4.785073302234961,0.8418928375709224,-1.8988543469556236,-1.5106460456055484,-0.8558381449736927,19.45741364689644,-16.709870596759085,35.268724202077124,23.3349197,85.3205683,4.262922286987305,10.177461937454977,-8.94287545650893,4.785073302234961,-8.968107162429078
1790250607065,-9.574541803034402,3.247976872003421,4.796464953277604,-2.5712714640815615,-1.7456203040997078,-0.13456367364419447,23.10001709624602,-17.854776892421178,32.259610728386754,23.3349197,85.3205683,4.262922286987305,11.190499566468992,-9.574541803034402,3.247976872003421,-5.013535046722397
1790250607172,-8.810048584306855,2.0223564962178537,7.559828217571151,-2.472545353750769,-1.7510638484645007,0.8184818070287089,27.39888038832382,-22.325783349700238,25.075090899981017,23.3349197,85.3205683,4.262922286987305,11.783797543017565,-8.810048584306855,2.0223564962178537,-2.2501717824288496
1790250607284,-7.885399223064779,0.7307868798325525,8.333012048555249,-2.717868670863939,-1.8154783414542086,2.9507166861847356,28.934010417813344,-29.490123424926573,12.61517223798542,23.3349197,85.3205683,4.262922286987305,11.495767054538508,-7.885399223064779,0.7307868798325525,-1.4769879514447517
1790250607392,-2.3250632522327823,-1.0738387957185198,8.516569376820653,-2.583096901639632,-1.5754293879836363,3.0049050496618652,22.91643812050051,-34.899015204443636,0.8111243531218166,23.3349197,85.3205683,4.262922286987305,8.893312253388656,-2.3250632522327823,-1.0738387957185198,-1.293430623179347
1790250607504,-1.5761542218334559,-1.8325790686706582,11.204135317864742,-1.5547915499865166,-0.2376100290022709,2.3113005904307493,9.512348686869043,-37.36082186226455,-12.820518269579983,23.3349197,85.3205683,4.262922286987305,11.461904571010757,-1.5761542218334559,-1.8325790686706582,1.394135317864741
1790250607604,-2.4186993943787196,-2.1362261265295572,11.590882330399927,0.8081285674889107,0.028997086730209204,2.5063479161478663,-0.9340001879396278,-35.32384446952029,-21.261402938309548,23.3349197,85.3205683,4.262922286987305,12.031713178978823,-2.4186993943787196,-2.1362261265295572,1.7808823303999262
1790250607704,-1.3937401178342825,-0.23972328323080228,10.033089819615908,2.575513682389064,0.4784320317727682,2.472305567182627,-9.27705006535085,-33.25810214043135,-24.596041562705892,23.3349197,85.3205683,4.262922286987305,10.132268753693026,-1.3937401178342825,-0.23972328323080228,0.22308981961590746
1790250607805,-1.7500471796125188,3.3161532392176163,7.204367591358549,1.9083724475719832,0.44661058417868976,1.7510170479397424,-15.985050415703927,-33.53263649458065,-22.652439179855545,23.3349197,85.3205683,4.262922286987305,8.12172702251563,-1.7500471796125188,3.3161532392176163,-2.6056324086414513
1790250607906,-1.552942316899514,5.0596307959082285,8.420069933453092,1.0897880593541365,0.4174296258872845,1.5860892452153712,-21.06586583166177,-33.21899546218423,-18.703348065419334,23.3349197,85.3205683,4.262922286987305,9.945303983024397,-1.552942316899514,5.0596307959082285,-1.389930066546908
1790250608014,0.20255821693637455,5.991992416803052,7.2435551638275095,1.7076980916789548,0.008959497611710818,1.2102330079772596,-26.09819695768371,-31.477931297531608,-14.970373925219286,23.3349197,85.3205683,4.262922286987305,9.402876919628689,0.20255821693637455,5.991992416803052,-2.566444836172491
1790250608114,0.09100150669646896,7.475842140466368,4.97287385790432,1.814744142260159,-0.5641482132159319,0.31678123478479725,-29.86146303666981,-29.85912201250234,-11.14533090216415,23.3349197,85.3205683,4.262922286987305,8.979196589340384,0.09100150669646896,7.475842140466368,-4.837126142095681
1790250608223,-0.43681628611831225,8.71837616056107,3.8073813564783454,1.6051842880886538,-0.883995990366822,-0.08429125735624161,-32.10453494782805,-29.2482765477176,-5.86055050963049,23.3349197,85.3205683,4.262922286987305,9.523499574133275,-0.43681628611831225,8.71837616056107,-6.0026186435216555
1790250608332,-0.27062599621546307,8.984035533835701,2.258300939104759,1.7722527208804182,-1.2067955592485455,-0.26518926180554975,-32.478284382689445,-29.46628324936242,2.9656829742560644,23.3349197,85.3205683,4.262922286987305,9.267473012348706,-0.27062599621546307,8.984035533835701,-7.551699060895242
1790250608441,-0.5647099161726986,9.257115197983639,-0.3157534479361697,1.530076308166304,-1.880276135729987,-0.4428874603962852,-31.225370658111974,-28.85768302013898,11.051236537959449,23.3349197,85.3205683,4.262922286987305,9.279697156591212,-0.5647099161726986,9.257115197983639,-10.12575344793617
1790250608550,-0.981739468396579,8.99007141006209,-1.5267106414560294,1.2164460675235091,-1.913019071410046,-0.6388511701578508,-27.906977445565747,-26.98605352015319,19.54849786141577,23.3349197,85.3205683,4.262922286987305,9.171479800149942,-0.981739468396579,8.99007141006209,-11.33671064145603
1790250608651,-2.455558013836817,9.154592953749583,-2.8541439267728554,0.20761963527907776,-2.5233381993847726,-0.69571608781726,-21.045205029884915,-24.342138308799957,28.778537103576827,23.3349197,85.3205683,4.262922286987305,9.898609743943547,-2.455558013836817,9.154592953749583,-12.664143926772855
1790250608762,-3.0388961642408043,9.247024064956602,-1.3214199507881146,-1.1832277916938576,-3.027192735108021,-0.6937082605313176,-13.10069311794595,-23.51263567222849,34.0278381786834,23.3349197,85.3205683,4.262922286987305,9.822855727397448,-3.0388961642408043,9.247024064956602,-11.131419950788114
1790250608866,-3.72671125436097,8.81635871698141,1.8025483236327002,-2.029182424906198,-2.3219590198880584,-0.6313685246350207,-2.8190087250723295,-25.068995915320937,34.707865650775084,23.3349197,85.3205683,4.262922286987305,9.739904427606355,-3.72671125436097,8.81635871698141,-8.0074516763673
1790250608969,-3.589255706505996,7.783177290976741,4.525042062555497,-2.1815765879170326,-1.7442681868852712,-0.037210983612749514,8.860882090953897,-29.322850747187506,29.149367366690928,23.3349197,85.3205683,4.262922286987305,9.692090122226391,-3.589255706505996,7.783177290976741,-5.284957937444504
1790250609080,-2.37043617029783,6.059087007039435,6.738710704327565,-2.353108662407667,-0.952825570396748,0.5360955914076628,14.94328314074903,-33.419583949630486,21.134625775176644,23.3349197,85.3205683,4.262922286987305,9.367055297848372,-2.37043617029783,6.059087007039435,-3.071289295672435
1790250609182,-2.0128912515411437,4.759183564716837,8.205701517089151,-1.7097764652411018,-0.14421620392176285,0.9079869801242637,17.256337892819225,-37.27299225775029,12.275068693817223,23.3349197,85.3205683,4.262922286987305,9.697169524183897,-2.0128912515411437,4.759183564716837,-1.604298482910849
1790250609288,-1.0890778904520524,3.393879752773407,9.459933944790794,-1.0640788550406772,0.16058770992084206,1.1291708160983929,16.399449104011993,-40.51361167433607,4.977576876041777,23.3349197,85.3205683,4.262922286987305,10.109147375894858,-1.0890778904520524,3.393879752773407,-0.3500660552092061
1790250609402,-0.9936358264134795,3.153464280832706,9.627609367878527,-0.4990629033261381,0.0029988163437113663,0.9754157824729611,12.774536398247225,-42.64912230293119,-1.2945126713967248,23.3349197,85.3205683,4.262922286987305,10.179514294232437,-0.9936358264134795,3.153464280832706,-0.18239063212147322
1790250609506,-1.086990153091506,2.9957777017564275,10.6581046218559,0.008208377138020778,0.18028588820797276,1.1632371489501152,8.719240375559968,-43.48150317126285,-5.226800503469716,23.3349197,85.3205683,4.262922286987305,11.124361813681045,-1.086990153091506,2.9957777017564275,0.8481046218558994
1790250609606,-0.5646255554927334,3.106819090334168,10.656670113324724,0.7155317719757218,0.2687272048038359,1.1260288862976957,4.478600382827004,-44.22196354449411,-7.092529483423094,23.3349197,85.3205683,4.262922286987305,11.11466350287802,-0.5646255554927334,3.106819090334168,0.8466701133247234
1790250609715,-0.3833458182409048,4.080886979525884,8.442139874555115,1.191380402654835,0.12968376047869123,0.988022193817681,-0.7411246671165626,-44.669473261685475,-6.382434665982929,23.3349197,85.3205683,4.262922286987305,9.384578744812158,-0.3833458182409048,4.080886979525884,-1.367860125444885
1790250609827,0.3097638128246542,5.046299700485899,7.529342441747272,0.8196430125364842,0.05089468536482858,0.9733815998453802,-5.228606600236994,-44.575149274500596,-3.4947054955255226,23.3349197,85.3205683,4.262922286987305,9.069293902612072,0.3097638128246542,5.046299700485899,-2.280657558252728
1790250609928,1.2802507910300083,5.149826149130866,7.872748045388934,0.6178758906377267,-0.04546597458736872,1.0637798579533302,-9.836897239868266,-43.676439654634784,-0.21662511620100677,23.3349197,85.3205683,4.262922286987305,9.494204192052132,1.2802507910300083,5.149826149130866,-1.9372519546110665
1790250610033,1.7723480330991852,5.338838115649009,7.469457789153188,0.7791350042572904,0.17336078952075337,1.0546105191391606,-14.848382479908077,-41.65606138057354,2.645166006845354,23.3349197,85.3205683,4.262922286987305,9.350786578650935,1.7723480330991852,5.338838115649009,-2.340542210846812
1790250610142,2.802145064696253,6.045170348542912,6.668352547434125,1.2179672223922693,0.7091149568864957,1.316173670424437,-19.04619515538765,-39.40509319711492,4.891085038391447,23.3349197,85.3205683,4.262922286987305,9.426718793057061,2.802145064696253,6.045170348542912,-3.1416474525658753
1790250610244,2.794788254019232,6.817326787580474,5.955779250079849,1.0045829282672454,0.7786168699577789,1.4270213162894918,-23.631962422867836,-36.15471271061442,7.327847497195938,23.3349197,85.3205683,4.262922286987305,9.474074751085082,2.794788254019232,6.817326787580474,-3.8542207499201515
1790250610344,3.1742470330769175,6.8333750125337245,5.654835710673789,0.849330108643772,0.77062488363287,1.3191327839671578,-28.415510618255105,-31.84877415331816,8.853818314421936,23.3349197,85.3205683,4.262922286987305,9.420617028816608,3.1742470330769175,6.8333750125337245,-4.155164289326211
1790250610444,3.5217102337715422,6.667534100309668,5.7588745679644875,0.758430346127156,1.0241930181862045,1.3046985065464058,-32.60385620858411,-27.44160614593026,9.388528612536996,23.3349197,85.3205683,4.262922286987305,9.488049864908575,3.5217102337715422,6.667534100309668,-4.051125432035513
1790250610544,4.821786725654256,6.471335424020352,5.059716594565709,0.6662527919081204,1.0114639670963805,1.184224587242544,-36.27863594849568,-22.3886776885935,8.572589911542984,23.3349197,85.3205683,4.262922286987305,9.525153091431124,4.821786725654256,6.471335424020352,-4.750283405434291
1790250610644,5.898332892906403,6.362056269993759,5.741470220457683,0.2708815826976052,0.5904703902185583,0.46472164967499824,-39.33285414418693,-16.913616447900722,6.382124700929275,23.3349197,85.3205683,4.262922286987305,10.40339229244533,5.898332892906403,6.362056269993759,-4.068529779542318
1790250610744,5.156452168332955,6.4346016829334225,6.042992447490128,-0.06318745562202684,-0.5308220961207031,-0.7686868609352351,-40.91723536717321,-13.527112335609166,4.497619546329086,23.3349197,85.3205683,4.262922286987305,10.22305509633681,5.156452168332955,6.4346016829334225,-3.767007552509872
1790250610846,3.4871898345560846,6.841074593583697,5.513933177903164,-0.3215013552376281,-1.1478649625683215,-1.5915686125886355,-40.91528111610177,-14.217941039379962,4.540079169024098,23.3349197,85.3205683,4.262922286987305,9.453266823040007,3.4871898345560846,6.841074593583697,-4.2960668220968365
1790250610946,2.6115220929176446,7.503189371521884,5.217293375168135,-0.6425861456253523,-1.4501745546860738,-1.6898407593313978,-39.10563907043738,-17.89733449507455,6.712760940053464,23.3349197,85.3205683,4.262922286987305,9.504633004450474,2.6115220929176446,7.503189371521884,-4.592706624831865
1790250611047,2.721584112286151,7.98230017637326,5.8748838170295885,-0.7515322786226668,-1.6304639742054376,-1.278451901784041,-35.44645143213977,-22.92186134338079,9.855080114237023,23.3349197,85.3205683,4.262922286987305,10.27805409839689,2.721584112286151,7.98230017637326,-3.935116182970412
1790250611150,2.653196000446658,7.640986995629895,6.0056762282843135,-0.2596766396487637,-1.1470879726368157,-0.9947294686001676,-30.69884723735683,-28.12464519539216,12.362505013896085,23.3349197,85.3205683,4.262922286987305,10.074337608158196,2.653196000446658,7.640986995629895,-3.804323771715687
1790250611263,2.456569127471083,7.887697374508594,4.672525847647586,0.013653310309099019,-0.9099345999046276,-0.8272978862581429,-24.61919615081851,-32.87133585546668,15.211462010945855,23.3349197,85.3205683,4.262922286987305,9.491206432630605,2.456569127471083,7.887697374508594,-5.137474152352414
1790250611366,1.8326783410355574,8.27649607590016,4.806552199331685,-0.11850232705046665,-0.6284925740243053,-0.7570272595665327,-20.164461707508522,-35.303164325232316,17.387923236425713,23.3349197,85.3205683,4.262922286987305,9.744846907006384,1.8326783410355574,8.27649607590016,-5.003447800668315
1790250611475,0.9963744881823925,8.454012026651856,5.3765488531005525,-0.001477103778065779,-0.35256743138618624,-0.7409917251477995,-14.419250598618037,-36.4437968865733,17.932203428824987,23.3349197,85.3205683,4.262922286987305,10.068284811091303,0.9963744881823925,8.454012026651856,-4.433451146899448
1790250611584,-0.06777845961557533,8.8931299985508,4.859664378513414,0.09355040890005037,-0.2474197968871835,-0.6218656560210942,-8.960679825701563,-36.26245731418167,15.852238569857274,23.3349197,85.3205683,4.262922286987305,10.134529735636685,-0.06777845961557533,8.8931299985508,-4.950335621486587
1790250611684,-0.15154207831425026,8.50003599337589,4.898657682658536,-0.15341571760272665,-0.3489260503974109,-0.3434435580538022,-6.831815907247484,-36.19977832621873,19.087532976730653,23.3349197,85.3205683,4.262922286987305,9.811749282470224,-0.15154207831425026,8.50003599337589,-4.9113423173414645
1790250611784,-0.012007569587972014,8.114174891628299,5.340994104287847,-0.12191537538440374,-0.14593743088066796,-0.21723365044171472,-5.032911135115068,-35.916434290926404,21.987290418859086,23.3354476,85.3205683,6.374166965484619,9.714226493946704,-0.012007569587972014,8.114174891628299,-4.4690058957121535
1790250611889,-1.0683592335034815,8.39567608467541,5.510553708290063,-0.10733932357349318,-0.06005946126483883,-0.1383320438965267,-4.522941012475877,-35.42040462553228,24.921532551389415,23.3354476,85.3205683,6.374166965484619,10.099255940045886,-1.0683592335034815,8.39567608467541,-4.299446291709938
1790250611992,-1.4345920140545445,8.374707017055986,5.9698689437127666,0.06318345141618278,-0.09147771349560453,0.09665058622150671,-6.232481324426978,-33.75136254207326,32.97557607413848,23.3354476,85.3205683,6.374166965484619,10.384272101279993,-1.4345920140545445,8.374707017055986,-3.840131056287234
1790250612105,-0.4374534645968523,8.743897819151446,4.9512880350890045,0.39174597559847735,0.2000269298819773,0.29956065902574525,-3.445729835974991,-34.89129456329045,27.136758778735235,23.3354476,85.3205683,6.374166965484619,10.057950477699954,-0.4374534645968523,8.743897819151446,-4.858711964910996
1790250612211,0.15394044960925524,8.840951137546037,4.335832140754816,0.4058834412775084,0.3711675785650908,0.3523393442805758,-3.074720548300162,-34.80967935723555,24.91196945972617,23.3354476,85.3205683,6.374166965484619,9.848124442314129,0.15394044960925524,8.840951137546037,-5.474167859245185
1790250612311,0.01828951692236034,9.019012127362368,4.305129430811098,0.4371710894802115,0.38422576010591836,0.4246739819754355,-4.484139055574358,-33.682611550352775,26.655865202793592,23.3354476,85.3205683,6.374166965484619,9.993850793161494,0.01828951692236034,9.019012127362368,-5.504870569188903
1790250612424,0.5581254294105061,8.751728255541721,4.213328804066587,0.5186912959495663,0.501402075700565,0.5323822159660054,-6.920003891392017,-32.417570624169564,28.58394730420975,23.3354476,85.3205683,6.374166965484619,9.729151610751021,0.5581254294105061,8.751728255541721,-5.596671195933413
1790250612524,1.153992461084931,8.609885087763987,3.3911877138023394,0.6881609621014908,0.6311793297032617,0.5373767564381879,-9.74137006896458,-31.09437583154041,29.07763942636027,23.3354476,85.3205683,6.374166965484619,9.325340419254703,1.153992461084931,8.609885087763987,-6.418812286197661
1790250612629,1.6345014755955753,8.606543938920673,3.1934658037182513,0.5113987964675185,0.4808906212649198,0.5111519601623771,-12.670140908118473,-30.318074219513576,27.735696685192558,23.3354476,85.3205683,6.374166965484619,9.3242917954027,1.6345014755955753,8.606543938920673,-6.61653419628175
1790250612744,2.207430916623561,8.653379375787,2.9759231108747453,0.4400499671492289,0.35009351400240774,0.5606874834311703,-15.617024207415117,-29.20986495405195,26.804507996195813,23.3354476,85.3205683,6.374166965484619,9.413280205900586,2.207430916623561,8.653379375787,-6.834076889125255
1790250612854,3.20630265184939,8.762581922488467,1.9711644259301042,0.6172831859712451,0.33639625898901115,0.68112648092957,-18.156353397173806,-27.692853685844998,26.650098533683703,23.3354476,85.3205683,6.374166965484619,9.536703195425055,3.20630265184939,8.762581922488467,-7.838835574069896
1790250612964,4.304097098786975,8.903566758548054,-0.0672511064521937,0.48987900545363544,0.581235639719839,0.6801069110245247,-21.487797486669614,-25.001192832179175,26.039878615232208,23.3354476,85.3205683,6.374166965484619,9.889553861071155,4.304097098786975,8.903566758548054,-9.877251106452194
1790250613066,4.6904490600758,8.741340051858256,0.8323883611545176,0.16304617310328748,0.6410774189851572,0.32285533733845856,-24.540513855520818,-22.46782998441583,25.651967788692538,23.3354476,85.3205683,6.374166965484619,9.955109676501447,4.6904490600758,8.741340051858256,-8.977611638845483
1790250613166,4.601167044222202,8.625673621024067,1.6864755772362763,-0.05896910488450846,0.5572610441386898,0.0414577340243084,-27.175129701965773,-20.7107818568987,24.68559612002446,23.3354476,85.3205683,6.374166965484619,9.920543506173507,4.601167044222202,8.625673621024067,-8.123524422763724
1790250613276,4.038564846282483,8.944030915964225,1.1393314381458237,0.1535040389813777,0.6868817292189318,-0.09496551838712203,-29.45857197130635,-19.7422409881803,23.140777314175956,23.3354476,85.3205683,6.374166965484619,9.879462089066385,4.038564846282483,8.944030915964225,-8.670668561854177
1790250613389,3.2094023382428447,8.515475475401026,3.401303576043752,-0.452313597861305,0.13850214863751006,-0.08959123481140358,-31.412051043022778,-19.65291306430084,20.830264325076328,23.3354476,85.3205683,6.374166965484619,9.715063147364662,3.2094023382428447,8.515475475401026,-6.408696423956249
1790250613493,3.084661899416559,7.516265558666692,4.626692380384116,-0.4027351666715781,0.23350970868268284,0.02708041668278095,-31.92903544040658,-19.957311337503896,18.14534965006357,23.3354476,85.3205683,6.374166965484619,9.349634718255881,3.084661899416559,7.516265558666692,-5.183307619615885
1790250613602,3.1187402226614402,7.2771832757177926,6.354533218094351,-0.21253361016107264,-0.048074861533223934,-0.113285211849614,-32.08569205300773,-20.619631241365333,16.123530572314046,23.3354476,85.3205683,6.374166965484619,10.15204557834024,3.1187402226614402,7.2771832757177926,-3.45546678190565
1790250613702,3.610670602503953,8.585143598405951,3.706061291489865,0.47994497942049474,0.04414955094715084,0.04342394807834791,-32.45414062771316,-21.1413704076621,14.973348156275726,23.3354476,85.3205683,6.374166965484619,10.02379783821065,3.610670602503953,8.585143598405951,-6.103938708510135
1790250613802,4.184385139931532,8.744315928239601,2.759099458269841,0.32467556179310536,-0.4473956617042488,0.02146215162063362,-32.64505688605492,-20.69964164551589,15.299621750645171,23.3354476,85.3205683,6.374166965484619,10.078927019914845,4.184385139931532,8.744315928239601,-7.05090054173016
1790250613910,4.000757946154705,8.707339828435588,1.7475056879547168,0.19100437938155956,-0.5621779735565028,-0.11522995192485777,-32.31666515427891,-20.364549758670236,17.110859915905014,23.3354476,85.3205683,6.374166965484619,9.740513701084497,4.000757946154705,8.707339828435588,-8.062494312045283
1790250614010,3.9418731786426466,8.824654874525804,1.3083944716689726,-0.03245740521009299,-0.7829846366475884,-0.2531726845131945,-31.226884012415688,-20.428278855915977,19.16276823997792,23.3354476,85.3205683,6.374166965484619,9.753194036031902,3.9418731786426466,8.824654874525804,-8.501605528331028
1790250614110,3.1379085460628775,9.301820447612606,1.2074948723746,-0.053641782492437146,-0.7215697283969861,-0.3056846733509353,-29.231754302022562,-20.86653013382757,21.74916028531491,23.3354476,85.3205683,6.374166965484619,9.890822895486977,3.1379085460628775,9.301820447612606,-8.6025051276254
1790250614219,3.350195562234995,9.0136912393858,1.50815377683601,-0.17054260633324417,-0.6878504466220345,-0.2806890839396629,-26.77182999046765,-20.981124018853176,24.176871293505123,23.3354476,85.3205683,6.374166965484619,9.73370268082933,3.350195562234995,9.0136912393858,-8.30184622316399
1790250614319,3.0923886383078174,8.867912063387491,1.297543223925609,-0.07268107686626155,-0.517788248499291,-0.42648926330287074,-24.39945168572437,-21.44989712405588,25.774509176524546,23.3354476,85.3205683,6.374166965484619,9.480841221762123,3.0923886383078174,8.867912063387491,-8.51245677607439
1790250614421,2.173572088497549,9.140799763776224,1.740551708654249,-0.014232449303983017,-0.28287320810786054,-0.6082822767814711,-22.06517560685065,-22.34679101572543,27.043990850240117,23.3354476,85.3205683,6.374166965484619,9.555530136828951,2.173572088497549,9.140799763776224,-8.06944829134575
1790250614528,1.725508013657835,9.368695138852217,1.6359693549120358,-0.08746209735794416,-0.5680009251656669,-0.6232254104660379,-18.75212398752536,-23.459482963246327,28.12367384710036,23.3354476,85.3205683,6.374166965484619,9.66572409290488,1.725508013657835,9.368695138852217,-8.174030645087965
1790250614639,0.9505786106040933,9.241580574014455,1.103555269472141,-0.10514480502914993,-0.6268152785324094,-0.7170572908444643,-15.143731064434169,-23.875256420194045,28.79532325463465,23.3354476,85.3205683,6.374166965484619,9.355653127052065,0.9505786106040933,9.241580574014455,-8.70644473052786
1790250614739,-0.23944398308994125,8.842538619679281,1.0993095435799212,-0.2654808738353612,-0.6963123920480577,-0.8118596172996686,-11.542976086880415,-24.736908451100557,29.46762388898972,23.3354476,85.3205683,6.374166965484619,8.913826570792335,-0.23944398308994125,8.842538619679281,-8.71069045642008
1790250614845,-1.4635110818606263,9.175141253663984,0.8919999175367866,-0.35609000908499444,-0.5252258510312563,-0.804037709455053,-7.208834004692674,-25.312897034621933,29.616286000064754,23.3354476,85.3205683,6.374166965484619,9.33384945048404,-1.4635110818606263,9.175141253663984,-8.918000082463214
1790250614954,-1.8271081227579733,9.546428271310544,2.314020034616771,-0.6687921476046796,-0.4625516017886902,-0.6331482606620602,-1.2098031709247579,-25.613495510550198,28.759562376249892,23.3354476,85.3205683,6.374166965484619,9.991361546462684,-1.8271081227579733,9.546428271310544,-7.4959799653832295
1790250615054,-2.1823631538920476,9.433480166110643,3.549246293096,-0.4400496297830966,-0.08299551448890509,-0.5340339369402527,2.724649871028818,-26.65233384659552,27.730378485966693,23.3354476,85.3205683,6.374166965484619,10.312633331449549,-2.1823631538920476,9.433480166110643,-6.2607537069040005
1790250615163,-3.170045187065092,9.950061138125506,3.3929376026416467,-0.1260803868907793,0.04722884302604802,-0.4059395390628134,6.005348225728281,-27.74733392189633,26.630554528988657,23.3354476,85.3205683,6.374166965484619,10.980206223741412,-3.170045187065092,9.950061138125506,-6.417062397358354
1790250615263,-2.756031085305405,9.572357770035063,3.594269494671599,-0.22859370089531733,-0.14195700446584286,-0.02541680429766386,8.170511981997658,-28.65088451813977,25.830946540658672,23.3354476,85.3205683,6.374166965484619,10.589830679526806,-2.756031085305405,9.572357770035063,-6.215730505328402
1790250615364,-2.0006106041318716,9.033661422474001,3.4961858450690984,-0.07617579934488213,-0.07875178079611411,0.005632217785289651,9.209841556367143,-29.278930761712928,25.11018757880073,23.3354476,85.3205683,6.374166965484619,9.891046302010794,-2.0006106041318716,9.033661422474001,-6.313814154930903
1790250615472,-1.7457433283122699,8.829617196604913,3.398433452131412,-0.031012712802924898,-0.020849270167766738,-0.052272601550055316,9.787905244229526,-29.55630109689861,24.280534976417307,23.3354476,85.3205683,6.374166965484619,9.620764498494589,-1.7457433283122699,8.829617196604913,-6.411566547868588
1790250615581,-1.839866401684851,8.94786997538841,3.4575018790426637,0.0051883624404532955,0.03180764739374986,-0.11360068200302667,10.166226625545402,-29.810835122723827,24.38979184631356,23.3354476,85.3205683,6.374166965484619,9.767487123927511,-1.839866401684851,8.94786997538841,-6.352498120957337
1790250615690,-2.4625570741557783,9.160168512236986,3.5401726507544584,-0.0076968929647681815,0.02065375957188996,-0.0267260167069652,10.456605783645534,-30.196184795324648,24.650607587308407,23.3354476,85.3205683,6.374166965484619,10.124509712238044,-2.4625570741557783,9.160168512236986,-6.269827349245542
1790250615791,-2.3963826745665315,9.040439358096538,3.7412151707611487,0.08682839323651052,0.06918988370287874,0.0392492639770636,10.60140384701539,-30.262492110316337,25.07757013484954,23.3354476,85.3205683,6.374166965484619,10.073176493257574,-2.3963826745665315,9.040439358096538,-6.068784829238852
1790250615904,-2.144539987876932,9.03270678740807,3.2373490495910113,0.15511313198207957,0.22645474374372032,0.10370737827238388,10.688763069422667,-30.29547746585389,25.439813411288974,23.3354476,85.3205683,6.374166965484619,9.832053322464175,-2.144539987876932,9.03270678740807,-6.572650950408989
1790250616011,-1.9456507376267802,9.000774232639628,3.0874286689140504,0.10388572729344443,0.47808374641557344,0.15190467990382117,10.063917044571967,-30.34163879907404,26.03716672753738,23.3354476,85.3205683,6.374166965484619,9.712451254210212,-1.9456507376267802,9.000774232639628,-6.72257133108595
1790250616125,-2.0999186853428853,8.87227843929678,2.746230221935334,0.011049567698466954,0.407450095143336,0.019164387643347304,8.068552724372323,-30.2592440049315,27.102711268174414,23.3354476,85.3205683,6.374166965484619,9.522014682898451,-2.0999186853428853,8.87227843929678,-7.063769778064667
1790250616225,-2.6907707919680495,9.063691213887836,2.639200467429069,-0.07201212543312338,0.27176480134427705,-0.025717544050969033,6.45427001173219,-30.25603068804217,27.788182927359728,23.3354476,85.3205683,6.374166965484619,9.816115575057871,-2.6907707919680495,9.063691213887836,-7.170799532570932
1790250616329,-2.519960519838345,8.929432701740435,3.1215818315422443,-0.15724383215054166,0.08247726105771024,0.013140821802548792,5.111455469486719,-30.33607064301295,27.919948883727884,23.3354476,85.3205683,6.374166965484619,9.789241161983398,-2.519960519838345,8.929432701740435,-6.688418168457757
1790250616444,-2.4064126239627113,8.974051420982628,3.215709763819606,-0.02447504910743936,-0.033444414055032505,-0.04599768360773952,4.014907661772407,-31.297038865461364,27.635234104581553,23.3354476,85.3205683,6.374166965484619,9.831846719123124,-2.4064126239627113,8.974051420982628,-6.594290236180394
1790250616544,-2.470270800590302,9.235714883471722,3.123175279213456,-0.037869340234311294,0.0076668910853989365,-0.020238493333288973,3.6528620887055854,-31.83406545377576,27.268808745698358,23.3354476,85.3205683,6.374166965484619,10.057578787248955,-2.470270800590302,9.235714883471722,-6.686824720786545
1790250616646,-1.9577192384883686,10.320149147400274,3.9393633069259764,-0.04392051951587129,-0.11869701167334046,-0.007291924470849582,3.5592336054698204,-32.04977216407997,26.82593383759935,23.3354476,85.3205683,6.374166965484619,11.218588427484487,-1.9577192384883686,10.320149147400274,-5.870636693074024
1790250616749,0.05733602623800896,8.58758764702831,4.294548943632379,-0.4035951698994859,-0.6510649569421993,-0.3368887030377661,4.037778200927317,-32.355067079019086,26.711301713903886,23.3354476,85.3205683,6.374166965484619,9.601723785058178,0.05733602623800896,8.58758764702831,-5.515451056367621
1790250616854,-1.786731990609403,8.044114680075516,4.565021976243377,-0.00673225305462935,-0.8301495223831442,-0.8668158755262879,6.112490403333326,-32.69678619998273,25.726007086326696,23.3354476,85.3205683,6.374166965484619,9.420170796543896,-1.786731990609403,8.044114680075516,-5.244978023756624
1790250616954,-2.5800066545060094,7.481981805766941,3.031190859907813,0.10463360914602718,-1.0716962935637415,-0.7919742985732712,10.464758352538288,-31.8006374024138,24.72012460405417,23.3354476,85.3205683,6.374166965484619,8.47493977018784,-2.5800066545060094,7.481981805766941,-6.7788091400921875
1790250617064,-3.6460423539666977,6.827130259997706,3.8875261707163906,-0.1477450907907121,-0.5077644427214976,-0.8634648503252335,14.806051668171325,-31.053333319335497,23.98594476691798,23.3354476,85.3205683,6.374166965484619,8.661188842295278,-3.6460423539666977,6.827130259997706,-5.92247382928361
1790250617164,-5.4183714223396615,6.754874925629508,3.3269317710949897,0.0011191470947310399,0.054880637439278145,-0.7976510066508402,19.038320422892035,-30.143502187339468,22.705287969890108,23.3354476,85.3205683,6.374166965484619,9.276613559960696,-5.4183714223396615,6.754874925629508,-6.483068228905011
1790250617265,-6.933715193109413,6.569952330404186,3.8389949379431494,-0.4283538115081611,0.10615950480260775,-0.7373408605830318,23.08033792220863,-29.289972436177248,21.653369986750636,23.3354476,85.3205683,6.374166965484619,10.294588973654696,-6.933715193109413,6.569952330404186,-5.971005062056851
1790250617372,-8.071491197423068,7.028373487619321,4.607907822528695,-0.4037925989477987,0.20605366698273198,-0.07811180520765194,26.972631310286648,-28.838261382267973,20.724388267585137,23.3354476,85.3205683,6.374166965484619,11.652459763177447,-8.071491197423068,7.028373487619321,-5.202092177471306
1790250617484,-6.42572123293701,6.461832751402809,5.9942909071647525,-0.6955215188909162,-0.10404197424565621,0.48107930383756076,28.775530943486423,-29.16333076340794,20.04563864699053,23.3354476,85.3205683,6.374166965484619,10.907644078820942,-6.42572123293701,6.461832751402809,-3.815709092835248
1790250617585,-5.492709654525767,6.587545846588495,5.675284115469081,-0.6696179984313704,0.13800740845317586,0.5410785311715907,28.549653325139822,-30.362550322983388,19.177361725182,23.3354476,85.3205683,6.374166965484619,10.284671575753967,-5.492709654525767,6.587545846588495,-4.1347158845309195
1790250617690,-4.947575748892163,6.009799013356432,6.243794936924384,-0.752786366248341,0.17922096518305614,0.8920529003727047,25.29382153710863,-33.43076028902541,19.547352856231008,23.335611,85.3205683,4.020885467529297,9.97903628545003,-4.947575748892163,6.009799013356432,-3.566205063075617
1790250617805,-3.985742098808689,5.453568332177575,7.680065701526547,-0.6388491023635672,0.15845252738468762,0.9374051194652074,21.03785802097347,-36.20761564006652,18.85599933438483,23.335611,85.3205683,4.020885467529297,10.227949785353388,-3.985742098808689,5.453568332177575,-2.1299342984734535
1790250617907,-4.447927215667965,6.1311494999684975,7.932151258940885,-0.0953538837046324,0.17341026932597342,0.9145687807160351,16.02937093100925,-38.75325304368572,17.53363977580145,23.335611,85.3205683,4.020885467529297,10.967865530793182,-4.447927215667965,6.1311494999684975,-1.8778487410591156
1790250618011,-2.7924072249654026,6.27689359891621,8.026669059257195,0.15857268302981428,0.7782464670514917,1.0682283160323611,10.892837072150465,-40.51869059936009,16.586092263919685,23.335611,85.3205683,4.020885467529297,10.565242427364886,-2.7924072249654026,6.27689359891621,-1.7833309407428057
1790250618121,-2.263820260800362,7.151381415055619,7.462208841940057,0.8612303959832437,0.9513067637480266,0.6488155438629457,4.141451027809898,-41.29975734450208,16.15244391046144,23.335611,85.3205683,4.020885467529297,10.580722995974401,-2.263820260800362,7.151381415055619,-2.3477911580599438
1790250618221,-1.8232993888724462,8.244737939806429,3.82760610478479,1.0095112614234687,1.0346768033768388,0.6398000517129802,-0.9435740917443111,-40.875680843055356,16.94598888635601,23.335611,85.3205683,4.020885467529297,9.270959651024913,-1.8232993888724462,8.244737939806429,-5.9823938952152105
1790250618326,-1.4928213943688948,8.156110853261373,4.3707567826099725,-0.003423006246050679,0.6501868406363935,0.6053743761571682,-5.4844736141687145,-39.98176740601494,18.696251334869807,23.335611,85.3205683,4.020885467529297,9.373055788743846,-1.4928213943688948,8.156110853261373,-5.439243217390028
1790250618426,-1.4285574946699346,8.428137332547406,4.8980022161604495,0.00441100713624417,0.4924970884815021,0.35676405416698864,-9.536910203097158,-39.57957742113446,19.0880255427649,23.335611,85.3205683,4.020885467529297,9.852141956009852,-1.4285574946699346,8.428137332547406,-4.911997783839551
1790250618535,-1.8396535407452363,8.633941422293015,4.560226203086915,0.21967379906658221,0.41862511931844393,0.3272582656538586,-12.959620204574827,-39.017593974030106,18.830544677725776,23.335611,85.3205683,4.020885467529297,9.936042102209719,-1.8396535407452363,8.633941422293015,-5.249773796913085
1790250618644,-1.92256440986051,8.61659936372285,3.7932906521238756,0.33569673360910346,0.3682523701315697,0.13352065535663066,-15.010531866697807,-38.358052561015896,18.965078000447544,23.335611,85.3205683,4.020885467529297,9.608906934530154,-1.92256440986051,8.61659936372285,-6.016709347876125
1790250618745,-2.4472653643342728,7.887253752049729,4.3094260565775455,0.006987066735045844,0.2896936881333823,0.15180726494064617,-16.560992816924532,-38.04991077567191,19.275495032404404,23.335611,85.3205683,4.020885467529297,9.31498966450324,-2.4472653643342728,7.887253752049729,-5.500573943422455
1790250618846,-2.100267038380412,7.189252974719815,5.387118533463642,-0.10658430287457031,-0.2470992231608368,0.2468638521248473,-17.876549407736018,-37.89223084646881,19.34087666678915,23.335611,85.3205683,4.020885467529297,9.225916001168253,-2.100267038380412,7.189252974719815,-4.422881466536358
1790250618952,-1.7905622712006046,7.633662204646059,4.788740662160051,-0.10124229862826128,-0.23890430189989498,0.09513860818771612,-18.974572215563583,-37.62572550615916,19.141621197732153,23.335611,85.3205683,4.020885467529297,9.187543144449112,-1.7905622712006046,7.633662204646059,-5.0212593378399495
1790250619052,-1.7629394831220289,7.795965857423405,4.054992233360002,-0.41092482099531313,-0.6904305471376523,0.19178256854755543,-19.32698774934518,-37.84753317367816,19.11905072452393,23.335611,85.3205683,4.020885467529297,8.962588983316815,-1.7629394831220289,7.795965857423405,-5.755007766639999
1790250619170,-0.7794503109075297,8.268820183794281,6.200653963969947,-0.6193944582115156,-0.987536280398562,-0.004863081030047702,-18.965216659055375,-38.3193846289066,18.849298793649787,23.335611,85.3205683,4.020885467529297,10.364798097406132,-0.7794503109075297,8.268820183794281,-3.609346036030053
1790250619271,-0.26953394727963403,8.166557711561587,4.153427650169415,-0.3234538619803938,-0.8620607475273566,0.010342886516907478,-17.90687466413792,-39.367292502288755,18.261825464911478,23.335611,85.3205683,4.020885467529297,9.166039201868712,-0.26953394727963403,8.166557711561587,-5.6565723498305855
1790250619384,-0.8180899245547881,8.574602674519669,4.1550587859548775,-0.29585399608379226,-0.86378994663114,-0.06624897756734248,-16.30891578288515,-40.38505251873636,18.135080565114443,23.335611,85.3205683,4.020885467529297,9.563346467909586,-0.8180899245547881,8.574602674519669,-5.654941214045123
1790250619484,-0.8052485185855713,9.082339990807231,4.7942220421769886,-0.4340366674795756,-0.158102394851861,0.16054310266714264,-14.600044702523602,-40.61389035653,18.37485750226152,23.335611,85.3205683,4.020885467529297,10.301547935868486,-0.8052485185855713,9.082339990807231,-5.015777957823012
1790250619584,0.2970979105388205,9.089013771694814,7.2636401853903685,-0.21391907373996266,0.9685142819095119,0.2669137107934557,-13.895573824673246,-40.92407036777639,17.59575448444032,23.335611,85.3205683,4.020885467529297,11.638681508372088,0.2970979105388205,9.089013771694814,-2.546359814609632
1790250619684,-0.3512503139149289,8.54050324632327,5.224210067416456,0.10689178830743414,0.7401693484508439,0.4396218903877015,-14.440630093523303,-41.381400005764334,16.364002555714087,23.335611,85.3205683,4.020885467529297,10.017781356766532,-0.3512503139149289,8.54050324632327,-4.585789932583545
1790250619784,0.2113594443415934,7.407397402714939,6.772354039579189,-0.18996571808507906,0.17943187828712748,0.3847555848344296,-16.015436738177115,-41.10590669081371,15.744798563007018,23.335611,85.3205683,4.020885467529297,10.038873857852034,0.2113594443415934,7.407397402714939,-3.0376459604208117
1790250619889,0.07937345278815847,7.8945520846825765,6.263317473321395,0.05547785383403561,0.004974074533316657,0.20927678509997175,-17.580993278423463,-40.481722492769435,14.940246086476376,23.335611,85.3205683,4.020885467529297,10.077668308412747,0.07937345278815847,7.8945520846825765,-3.5466825266786053
1790250620004,0.2565250963537932,7.973234110795854,5.233711351340128,0.22678060335557376,0.1319619509820608,0.1745785394880911,-18.7071340209599,-40.245173920353004,15.087718877679478,23.335611,85.3205683,4.020885467529297,9.540964407216096,0.2565250963537932,7.973234110795854,-4.576288648659872
1790250620106,0.2291474980484812,7.970899596873938,5.416745657689533,0.1344644720309645,0.1719058966663518,0.07454719925238319,-19.598451544737213,-40.05703212957578,15.293780140645149,23.335611,85.3205683,4.020885467529297,9.639962784129686,0.2291474980484812,7.970899596873938,-4.393254342310468
1790250620215,-0.2557664095098347,8.24136940803283,5.660787186179811,-0.009760866872236,0.06448798226503004,-0.034560795109106084,-20.528574218525538,-39.830562300133586,15.479108114706495,23.335611,85.3205683,4.020885467529297,10.001504773938294,-0.2557664095098347,8.24136940803283,-4.149212813820189
1790250620315,-0.4021630394016043,8.138786463560995,5.802246210259041,0.03169432603400817,-0.04685534772345715,-0.036604915586546216,-20.903050481148806,-39.792142769938415,15.737912727091347,23.335611,85.3205683,4.020885467529297,10.00338149298375,-0.4021630394016043,8.138786463560995,-4.00775378974096
1790250620423,0.13265647206087872,8.041032897869377,5.456192387022977,0.06325610699905307,0.0005325652404906088,0.02350934954855551,-21.059406089428716,-39.81873296798904,15.738501427028975,23.335611,85.3205683,4.020885467529297,9.718325121563113,0.13265647206087872,8.041032897869377,-4.353807612977024
