timestamp,accel_x,accel_y,accel_z,gyro_x,gyro_y,gyro_z,mag_x,mag_y,mag_z,latitude,longitude,speed,roll_deg,pitch_deg,yaw_deg,world_accel_x,world_accel_y,world_accel_z,linear_world_x,linear_world_y,linear_world_z
1790250601402,0.20026991460594357,0.4197181506901742,9.660990062136099,0.00011656592199223273,-0.00035676607662533136,0.0000072928871711972505,-33.34663942373654,-22.23743069900757,-23.475603168293606,23.3352096,85.3205683,0.0,2.4876297190538,-1.1864383179178566,147.20589223250943,5.551115123125783e-17,-8.326672684688674e-17,9.67217660846862,5.551115123125783e-17,-8.326672684688674e-17,-0.13782339153138068
1790250601511,0.1972282477388422,0.41941928157179525,9.661788433397678,0.000005412479429107608,-0.000026834146518835877,-0.00009663574027251726,-33.18073747217847,-22.206654519713684,-23.69402033773738,23.3352096,85.3205683,0.0,2.485655419423278,-1.1683291453237816,147.12414572085402,0.0,0.0,9.672898595932734,0.0,0.0,-0.13710140406726623
1790250601611,0.19864368488956058,0.4187346112195542,9.65634693897457,0.00010385613070617778,-0.00006668606298873867,-0.00001902510380417662,-33.113761880345,-22.222595384225016,-23.556316666964573,23.3352096,85.3205683,0.0,2.482999521426452,-1.1773767548865226,147.04142484371712,1.1102230246251565e-16,8.326672684688674e-17,9.667462655424288,1.1102230246251565e-16,8.326672684688674e-17,-0.14253734457571277
1790250601720,0.1976887691441057,0.4234518955306556,9.649060357976216,0.0000987510629731103,-0.00025715407013930034,0.000249003497180281,-33.30849135353048,-22.510511007646194,-23.735048971637063,23.3352096,85.3205683,0.0,2.512830053727896,-1.1725764381268067,146.86787640558788,-5.551115123125783e-17,-8.326672684688674e-17,9.660370497509001,-5.551115123125783e-17,-8.326672684688674e-17,-0.14962950249099904
1790250601820,0.19661862857124257,0.426547304443995,9.645064169907526,0.00012335253093374155,-0.0003498697135274118,0.00018972367627056959,-33.26459030298942,-22.462486473807907,-23.90065474567732,23.3352096,85.3205683,0.0,2.532222256328975,-1.16669640866113,146.91017184548645,0.0,0.0,9.656493376462473,0.0,0.0,-0.15350662353752753
1790250601929,0.20011232083801214,0.42278262187269017,9.641785011653033,0.00010385242886712562,-0.00017914081462767613,-0.0001162530791660656,-33.020735802881134,-22.23941656387883,-23.962252810551252,23.3352096,85.3205683,0.0,2.510754234567509,-1.1878447286491103,146.97289730588628,5.551115123125783e-17,2.7755575615628914e-17,9.653124276484055,5.551115123125783e-17,2.7755575615628914e-17,-0.15687572351594525
1790250602029,0.20030720608715255,0.4253729310822457,9.637001127353985,0.00001973334599208986,-0.00020127299441071765,0.00029114547318163627,-33.09226964260731,-22.085179571283355,-24.07270027913234,23.3352096,85.3205683,0.0,2.527369643974974,-1.1895761018404722,147.234470791194,0.0,0.0,9.648463910692206,0.0,0.0,-0.16153608930779484
1790250602143,0.19713100089350083,0.4255873473219025,9.633509605221393,-0.00007738113383310913,-0.00003458769767317353,0.0003632732034206519,-33.126731408536074,-21.817960156665634,-23.9427798550609,23.3352096,85.3205683,0.0,2.5295572315738544,-1.1711408959775012,147.59697403138108,5.551115123125783e-17,0.0,9.644920556210227,5.551115123125783e-17,0.0,-0.16507944378977335
1790250602249,0.19628282023310684,0.4233365294232119,9.62613979995348,-0.00003551558303405214,0.0000151627250140386,-0.000013927307439015893,-33.10972085728245,-21.99149720006656,-24.042091318492734,23.3352096,85.3205683,0.0,2.518120247941544,-1.1670061018015743,147.36566500291949,0.0,-5.551115123125783e-17,9.637443032823134,0.0,-5.551115123125783e-17,-0.17255696717686675
1790250602359,0.19717922495186058,0.42443061487276723,9.622747065622454,-0.00010392280563280336,0.00008957132529744913,-0.00017731002376911644,-33.15379051077276,-22.130736231364878,-23.832017408684802,23.3352096,85.3205683,0.0,2.5255087188217478,-1.1727407831565815,147.22221713447436,0.0,5.551115123125783e-17,9.634120721816778,0.0,5.551115123125783e-17,-0.17587927818322235
1790250602459,0.19579676810470387,0.4221154066671826,9.612473815057715,0.0000085023164834222,-0.00008442224965475687,-0.0001757412896655186,-33.260511746092334,-22.412303858394402,-23.659265895719752,23.3352096,85.3205683,0.0,2.514431090568491,-1.1657749169303486,146.9499391031939,-5.551115123125783e-17,-5.551115123125783e-17,9.623729559589476,-5.551115123125783e-17,-5.551115123125783e-17,-0.18627044041052443
1790250602565,0.19956421189094944,0.42315049339153904,9.607944565813575,0.000019452340253924953,0.00007271999899487716,-0.00006913389452402988,-33.26498840533197,-22.31948209424913,-23.438038204979037,23.3352096,85.3205683,0.0,2.5217755779230204,-1.1887531908887363,147.05616045813468,-5.551115123125783e-17,0.0,9.619328510580758,-5.551115123125783e-17,0.0,-0.19067148941924295
1790250602674,0.19844922871562268,0.4199817004874074,9.604933717017452,0.00018499819733710246,-0.000194926093675244,0.00015671340001504393,-33.35193723425472,-22.041196225256844,-23.302204031812217,23.3352096,85.3205683,0.0,2.503698774294556,-1.1825002279352952,147.45570944034034,0.0,8.326672684688674e-17,9.61615923502834,0.0,8.326672684688674e-17,-0.19384076497166092
1790250602774,0.19979778230157952,0.41854501021586843,9.60555338964737,-0.00016718155018560535,-0.000130327505926644,-0.000006365535358807711,-33.171395152088735,-22.349023913954028,-23.102459503952982,23.3352096,85.3205683,0.0,2.4949841007732654,-1.1904646745112522,146.91752191716648,-5.551115123125783e-17,-8.326672684688674e-17,9.616743471714077,-5.551115123125783e-17,-8.326672684688674e-17,-0.19325652828592332
1790250602883,0.19774485941059636,0.4212204819688725,9.607281547281222,-0.00030341411047249173,0.0003496898576254259,0.00012480134180694328,-33.25498484680612,-22.57365251106837,-23.222804643121854,23.3352096,85.3205683,0.0,2.510461393990199,-1.1780103257441186,146.72584781577416,0.0,2.7755575615628914e-17,9.61854398818156,0.0,2.7755575615628914e-17,-0.19145601181844007
1790250602983,0.19834514799780284,0.41981831897990596,9.606628802716434,0.00019018492368286797,0.0004676863616205235,0.00019691321457028065,-33.34399355724013,-22.439420666813504,-23.412530622014675,23.3352096,85.3205683,0.0,2.5022849791256325,-1.1816730087933156,146.96277347018102,0.0,-2.7755575615628914e-17,9.617843062343363,0.0,-2.7755575615628914e-17,-0.19215693765663744
1790250603093,0.1952345182456927,0.4202303296619175,9.610820843001438,0.00003357709992769632,0.0003894468799166183,-0.00004773227955250841,-33.555197209757395,-22.076710740480323,-23.34826720717894,23.3352096,85.3205683,0.0,2.5036464774394886,-1.1626376570463206,147.57970013682663,0.0,-2.7755575615628914e-17,9.621984583408626,0.0,-2.7755575615628914e-17,-0.18801541659137477
1790250603201,0.19757059306826513,0.42222985825968473,9.615814788242343,-0.0007371021870886219,0.0003873793633676553,-0.00008867205009306439,-33.58523535860338,-21.91742334365402,-23.040223611645906,23.3352096,85.3205683,0.0,2.514239230242591,-1.1759249008861112,147.7900298471116,-5.551115123125783e-17,0.0,9.627107885249414,-5.551115123125783e-17,0.0,-0.18289211475058664
1790250603303,0.19645457801589564,0.4215677074440681,9.61669767394357,-0.0018246089016287872,0.001484282896796949,0.0000764163174883882,-33.39279825488307,-22.105616800578566,-22.685013599450272,23.3352096,85.3205683,0.0,2.510071218926344,-1.169180726081415,147.3923822205493,0.0,5.551115123125783e-17,9.627937883327599,0.0,5.551115123125783e-17,-0.18206211667240169
1790250603410,0.19140171353852894,0.4159139888582982,9.624538700765555,-0.0013082573522340743,0.0025038380190063325,-0.00003227013523804517,-33.13588160598594,-22.408603560393026,-22.75907714365522,23.3352096,85.3205683,0.0,2.4744353731114503,-1.1382201321963952,146.80797876671772,-5.551115123125783e-17,0.0,9.63542237084641,-5.551115123125783e-17,0.0,-0.17457762915359076
1790250603510,0.1825365969305319,0.4205515120008372,9.623637056860362,-0.0002995590041094416,0.002336849805863378,-0.0002911212843827271,-32.77315167395887,-22.390816430775157,-22.814236112898158,23.3352096,85.3205683,0.0,2.5022250629863874,-1.085593130100246,146.56853637177798,5.551115123125783e-17,1.1102230246251565e-16,9.634551021487257,5.551115123125783e-17,1.1102230246251565e-16,-0.175448978512744
1790250603621,0.18747391090455715,0.4159732436254306,9.629651869360899,-0.00030502817797552033,0.0006094463426690083,-0.00043481395942677613,-32.970901956123825,-22.2898960599223,-23.215902490422177,23.3352096,85.3205683,0.0,2.4734750303939714,-1.1142773694025352,146.84483530034268,5.551115123125783e-17,-5.551115123125783e-17,9.64045514131817,5.551115123125783e-17,-5.551115123125783e-17,-0.16954485868182978
1790250603728,0.19306516048490954,0.4250658027469399,9.640450728840236,-0.00009340576438570632,-0.0001133101960828152,0.0005645715312052939,-33.24505141475817,-22.207232647917575,-23.282461094052746,23.3352096,85.3205683,0.0,2.5246446564745724,-1.1461712774818538,147.18707019759583,0.0,0.0,9.651748305258183,0.0,0.0,-0.15825169474181777
1790250603829,0.20137094210732343,0.4169584174617746,9.706262693826806,-0.000623601222026439,-0.000013028787594205272,0.00021319651797379295,-33.232293669433474,-22.463712804867072,-23.350934079954353,23.3352096,85.3205683,0.0,2.4597807986886373,-1.1874213805856917,146.81689071222502,0.0,2.7755575615628914e-17,9.717301068701712,0.0,2.7755575615628914e-17,-0.09269893129828866
1790250603939,0.20785337362226827,0.42290700611336896,9.656236152267454,-0.0009711375098838247,-0.0025546579672324475,-0.000086118182444299,-32.89856609994342,-22.503661724859757,-23.26046362594972,23.3352096,85.3205683,0.0,2.507738164715682,-1.2319378107553598,146.50663762527617,0.0,0.0,9.667727240106794,0.0,0.0,-0.1422727598932063
1790250604040,0.11416436705473992,0.16579579586098742,9.664162750600205,-0.013352612606487464,0.0028859881531564783,-0.12291888481670826,-32.779421599916574,-22.579342397952956,-23.0062507870047,23.3352096,85.3205683,0.0,0.9828546788497609,-0.676713552862764,145.69869653724058,0.0,-1.3877787807814457e-17,9.66625901880964,0.0,-1.3877787807814457e-17,-0.14374098119036027
1790250604140,0.29932231159546463,0.3138377738147654,9.692650481797276,-0.02193193997873738,0.0024526107207375894,-0.2876651761808078,-32.64544018598461,-22.826792473886428,-22.962794295818153,23.3352096,85.3205683,0.0,1.8545288449879695,-1.767884054955987,145.3777307186197,5.551115123125783e-17,-5.551115123125783e-17,9.702348239306648,5.551115123125783e-17,-5.551115123125783e-17,-0.10765176069335247
1790250604246,-0.3809560670472268,-0.05425869327568075,9.723870339417001,0.016113039062116693,0.04154966343017744,-0.37919894897142975,-32.217157405804436,-23.313351164125955,-23.06002884738725,23.3352096,85.3205683,0.0,-0.31970416652290506,2.2435180406192385,144.69789557286518,-5.551115123125783e-17,2.7755575615628914e-17,9.73148117752944,-5.551115123125783e-17,2.7755575615628914e-17,-0.07851882247055997
1790250604360,0.011026390591805726,0.643994177044145,9.559963160470863,-0.03033450634568634,0.10853901281059213,-0.20750079742941066,-31.492980566795172,-24.094087337405345,-23.2145119666347,23.3352096,85.3205683,0.0,3.853831474765343,-0.06593506505493973,144.46111365891463,-5.551115123125783e-17,-1.1102230246251565e-16,9.581635857770651,-5.551115123125783e-17,-1.1102230246251565e-16,-0.2283641422293492
1790250604464,-0.02635094753550156,0.3615901038432972,10.069849211246124,0.024412736024541897,0.15498639062649897,-0.0660523409009727,-30.560119650155833,-25.03036557757198,-23.274213428397676,23.3352096,85.3205683,0.0,2.0565044127228216,0.14983563143664072,141.7011475137953,5.551115123125783e-17,1.1102230246251565e-16,10.076373599309804,5.551115123125783e-17,1.1102230246251565e-16,0.2663735993098033
1790250604564,-1.4180228858519441,0.43081658386790145,10.396571634087355,0.2659935020643075,0.42679164852926155,-0.04263938643638095,-29.691183531569532,-26.053002484231786,-23.38017942457497,23.3352096,85.3205683,0.0,2.372883949942112,7.760256920949665,142.23429493301012,3.3306690738754696e-16,-2.220446049250313e-16,10.501670989725648,3.3306690738754696e-16,-2.220446049250313e-16,0.6916709897256474
1790250604665,-1.813047643369395,0.7378895924535068,10.114478047975297,0.39012526758489263,0.5346714955294167,0.10143790635415993,-29.144991448874016,-27.048069380276882,-23.364229667755524,23.3352096,85.3205683,0.0,4.172552759152524,10.136118705893955,141.94748540564476,-2.220446049250313e-16,0.0,10.302149726671258,-2.220446049250313e-16,0.0,0.4921497266712578
1790250604773,-1.6085997032035575,1.2216192543868982,9.408603602522007,0.5089106092273927,0.3529798025207625,0.23742359126163068,-27.651502419990603,-28.519058548350625,-23.472317051105424,23.3352096,85.3205683,0.0,7.397933879017028,9.622870111275063,140.29364103524406,-3.885780586188048e-16,0.0,9.622981261398438,-3.885780586188048e-16,0.0,-0.18701873860156226
1790250604886,-1.4880879258119637,1.6956325894025788,8.379426281110707,0.5192534160273615,0.046491439137928685,0.1673261774598503,-26.268688751307412,-29.63756196240104,-23.076291270388104,23.3352096,85.3205683,0.0,11.439705951242983,9.873996640413017,139.5554038963456,5.4643789493269423e-17,0.0,8.677808499486506,5.4643789493269423e-17,0.0,-1.1321915005134944
1790250604992,-0.31584571803325545,2.860875593096332,8.276953289559899,0.8578271763195519,-0.7849140799564196,0.35794405111517036,-25.591025733254884,-30.551988732517724,-21.8620086173706,23.3352096,85.3205683,0.0,19.06737901536687,2.065536132602977,140.1032217012344,0.0,0.0,8.763122927035239,0.0,0.0,-1.0468770729647616
1790250605092,0.5360531613477564,3.0421903438534272,9.825875621663481,-0.06220240999367269,-1.0493345152167957,0.1084472305509516,-26.378166171949577,-30.95454618442597,-19.57326983370936,23.3352096,85.3205683,0.0,17.203052988302456,-2.9832475927081115,137.28229963208815,0.0,-2.220446049250313e-16,10.30000518506795,0.0,-2.220446049250313e-16,0.4900051850679503
1790250605205,1.1565189508364133,3.8012607737708533,10.348505163696144,0.3464421229344451,-0.6974972161722638,-0.2764464512750183,-27.219656759033164,-31.418795896100125,-16.869637211132307,23.3352096,85.3205683,0.0,20.16952690587687,-5.988639448093694,138.07783114057997,0.0,4.440892098500626e-16,11.085065569354947,0.0,4.440892098500626e-16,1.2750655693549469
1790250605310,2.7001995099831184,5.001652501657444,10.177597504414043,0.8486914210640061,-0.5258156921685473,-0.30571730808278724,-27.401853597836414,-32.79779079410426,-13.20233336805942,23.3352096,85.3205683,0.0,26.171229845632954,-13.393229891705527,138.37344149623888,0.0,-2.220446049250313e-16,11.657233638514079,0.0,-2.220446049250313e-16,1.8472336385140782
1790250605425,4.815213474287757,3.5479276794750274,9.671613683537421,0.8039929694125738,-0.937348614824975,-0.33433457138320294,-27.14416806240664,-33.96064412472025,-9.343871618966771,23.3352096,85.3205683,0.0,20.14502024920874,-25.051996435349945,129.5243940073332,0.0,-5.551115123125783e-16,11.37163940974808,0.0,-5.551115123125783e-16,1.5616394097480804
1790250605539,3.5428529565135296,3.0585155312224073,8.37790698435412,1.1860792625748884,-0.9522061855921153,-1.3099080292603194,-26.081520764867463,-35.356044887219895,-4.6792435491860225,23.3352096,85.3205683,0.0,20.05557919073513,-21.66481378828378,128.3841350223066,0.0,-1.6653345369377348e-16,9.596647839985318,0.0,-1.6653345369377348e-16,-0.21335216001468282
1790250605659,0.38349296071322314,4.3604104498010345,5.361150795143814,0.9803798801163662,-0.8988522574060462,-2.169457617108274,-22.12578570102011,-37.68677919603091,2.4792954253903634,23.3352096,85.3205683,0.0,39.122657584528746,-3.1763243731447086,126.51394391884756,-8.881784197001252e-16,-2.220446049250313e-16,6.9211403677372285,-8.881784197001252e-16,-2.220446049250313e-16,-2.888859632262772
1790250605769,-3.4710334463168775,6.544816306726403,3.508262056752566,0.7620164101081685,0.22007465775152213,-2.458234206406803,-14.025249673917768,-40.29782368846626,9.289523671845116,23.3352096,85.3205683,0.0,61.80705599757255,25.052741671873733,105.47255577031842,4.440892098500626e-16,0.0,8.196987027749405,4.440892098500626e-16,0.0,-1.613012972250596
1790250605887,-5.880450720374095,7.9501616751184825,4.418519599242169,-0.20698687775321983,0.09818528154455047,-1.4652131645778457,-3.055370037171956,-41.224566245182636,14.055499846420485,23.3352096,85.3205683,0.0,60.935687111112394,32.88355903912915,80.94768385434428,4.440892098500626e-16,-1.1102230246251565e-15,10.830885780219369,4.440892098500626e-16,-1.1102230246251565e-15,1.020885780219368
1790250606001,-5.057896415305443,7.739993427531536,5.92048113416744,-0.7097031481777096,-0.8645958718736961,0.10186983020714403,5.101204698635838,-41.3095315269019,15.592759145215402,23.3352096,85.3205683,0.0,52.58687794411482,27.431100552284004,71.10970584122944,0.0,-2.706168622523819e-16,10.979158039951134,0.0,-2.706168622523819e-16,1.1691580399511334
1790250606105,-1.0704227710469463,6.302912250730212,7.427778678798097,-0.7544740552463203,-2.5131547917497064,0.6877471959752396,8.384332706641862,-41.93674783035414,13.988739777509236,23.3349197,85.3205683,4.262922286987305,40.31658732790723,6.2706023364234165,76.27528453628322,0.0,-3.3306690738754696e-16,9.800224683668656,0.0,-3.3306690738754696e-16,-0.009775316331344541
1790250606214,2.0116505173394716,6.441334699718343,7.2784505481658055,0.28831265116998095,-2.8170266032311404,0.5299735577398147,9.238077333101478,-43.290642173595664,9.18290257569601,23.3349197,85.3205683,4.262922286987305,41.50841345246643,-11.693559408032405,79.72071089138724,8.881784197001252e-16,-4.440892098500626e-16,9.925390314733363,8.881784197001252e-16,-4.440892098500626e-16,0.11539031473336259
1790250606314,4.663983896880607,7.005343987957549,6.688670527820089,1.4366785618597815,-1.756097155746251,-0.2248916112026892,9.207494659834856,-43.82721504889322,6.304210210661236,23.3349197,85.3205683,4.262922286987305,46.32472617923666,-25.712304096362725,81.51249451938172,0.0,0.0,10.750158306262456,0.0,0.0,0.9401583062624557
1790250606426,4.6818240440083425,7.811136339714648,3.379056220893106,2.162073527840596,-0.04894277064432673,-1.3703041645172798,10.822596965572057,-43.05438409089851,7.4320608802510595,23.3349197,85.3205683,4.262922286987305,66.60694658984322,-28.815670957733236,78.04170439285596,1.3322676295501878e-15,-6.661338147750939e-16,9.713462216976076,1.3322676295501878e-15,-6.661338147750939e-16,-0.09653778302392446
1790250606533,2.048370376104795,7.597268351178384,-1.4897864996573342,1.912656078264348,1.770282684427702,-2.74547870043094,14.756120170309515,-38.52773893524143,14.14079183652589,23.3349197,85.3205683,4.262922286987305,101.0946383533429,-14.819756835975182,42.34569662555648,-2.220446049250313e-16,-2.220446049250313e-16,8.008356348969599,-2.220446049250313e-16,-2.220446049250313e-16,-1.8016436510304015
1790250606644,-3.2356913569361363,6.786741824828064,-3.6502631330263875,0.7546284706803373,3.2507915864096457,-3.5333061016905227,17.855465601587948,-31.60295885995454,21.912432031808127,23.3349197,85.3205683,4.262922286987305,118.27367785335903,22.776849748854147,-7.4552386739800784,2.220446049250313e-16,8.881784197001252e-16,8.357869590664441,2.220446049250313e-16,8.881784197001252e-16,-1.4521304093355596
1790250606751,-6.224966811399832,5.914771898922691,-0.8400813459641358,-0.8001432853770882,0.7814471300489956,-2.6332753221377385,18.229703593845088,-23.032366503121807,30.70357985915731,23.3349197,85.3205683,4.262922286987305,98.0837127823791,46.17793140567651,7.839197081605843,9.783840404509192e-16,-1.1102230246251565e-15,8.627889376154046,9.783840404509192e-16,-1.1102230246251565e-15,-1.1821106238459542
1790250606851,-7.771252796213957,5.775288586675059,-1.6591756653912997,-0.7053955295307671,0.03274209136617848,-1.8377177049816755,18.032564769752135,-18.786671143022,34.39790265343948,23.3349197,85.3205683,4.262922286987305,106.02876508987521,52.288054235444214,1.983831922102642,-5.551115123125783e-16,-4.440892098500626e-16,9.823400234677862,-5.551115123125783e-16,-4.440892098500626e-16,0.013400234677861889
1790250606964,-8.94287545650893,4.785073302234961,0.8418928375709224,-1.8988543469556236,-1.5106460456055484,-0.8558381449736927,19.45741364689644,-16.709870596759085,35.268724202077124,23.3349197,85.3205683,4.262922286987305,80.02142343108657,61.485228968309265,3.748652308557549,-5.551115123125783e-16,3.3306690738754696e-16,10.177461937454975,-5.551115123125783e-16,3.3306690738754696e-16,0.3674619374549746
1790250607065,-9.574541803034402,3.247976872003421,4.796464953277604,-2.5712714640815615,-1.7456203040997078,-0.13456367364419447,23.10001709624602,-17.854776892421178,32.259610728386754,23.3349197,85.3205683,4.262922286987305,34.10430780393421,58.8255926814679,18.2772448639837,0.0,-6.661338147750939e-16,11.190499566468993,0.0,-6.661338147750939e-16,1.380499566468993
1790250607172,-8.810048584306855,2.0223564962178537,7.559828217571151,-2.472545353750769,-1.7510638484645007,0.8184818070287089,27.39888038832382,-22.325783349700238,25.075090899981017,23.3349197,85.3205683,4.262922286987305,14.976709113908464,48.386433470285034,29.117715233779762,0.0,2.220446049250313e-16,11.783797543017563,0.0,2.220446049250313e-16,1.9737975430175627
1790250607284,-7.885399223064779,0.7307868798325525,8.333012048555249,-2.717868670863939,-1.8154783414542086,2.9507166861847356,28.934010417813344,-29.490123424926573,12.61517223798542,23.3349197,85.3205683,4.262922286987305,5.011891780362581,43.30952820872548,43.756900196448534,-8.881784197001252e-16,-4.440892098500626e-16,11.495767054538508,-8.881784197001252e-16,-4.440892098500626e-16,1.6857670545385073
1790250607392,-2.3250632522327823,-1.0738387957185198,8.516569376820653,-2.583096901639632,-1.5754293879836363,3.0049050496618652,22.91643812050051,-34.899015204443636,0.8111243531218166,23.3349197,85.3205683,4.262922286987305,-7.186397442403122,15.155495091351964,57.66446202235024,1.1102230246251565e-16,0.0,8.893312253388657,1.1102230246251565e-16,0.0,-0.916687746611343
1790250607504,-1.5761542218334559,-1.8325790686706582,11.204135317864742,-1.5547915499865166,-0.2376100290022709,2.3113005904307493,9.512348686869043,-37.36082186226455,-12.820518269579983,23.3349197,85.3205683,4.262922286987305,-9.289200219172223,7.903926103268881,78.92588418384008,2.220446049250313e-16,-2.220446049250313e-16,11.461904571010757,2.220446049250313e-16,-2.220446049250313e-16,1.651904571010757
1790250607604,-2.4186993943787196,-2.1362261265295572,11.590882330399927,0.8081285674889107,0.028997086730209204,2.5063479161478663,-0.9340001879396278,-35.32384446952029,-21.261402938309548,23.3349197,85.3205683,4.262922286987305,-10.442560240090053,11.59702253557083,97.68009740092397,0.0,2.220446049250313e-16,12.031713178978823,0.0,2.220446049250313e-16,2.2217131789788223
1790250607704,-1.3937401178342825,-0.23972328323080228,10.033089819615908,2.575513682389064,0.4784320317727682,2.472305567182627,-9.27705006535085,-33.25810214043135,-24.596041562705892,23.3349197,85.3205683,4.262922286987305,-1.3687228740594093,7.906365764605372,110.40302823473901,1.1102230246251565e-16,2.220446049250313e-16,10.132268753693028,1.1102230246251565e-16,2.220446049250313e-16,0.3222687536930273
1790250607805,-1.7500471796125188,3.3161532392176163,7.204367591358549,1.9083724475719832,0.44661058417868976,1.7510170479397424,-15.985050415703927,-33.53263649458065,-22.652439179855545,23.3349197,85.3205683,4.262922286987305,24.716502784911786,12.443526389455489,132.1323426510023,2.220446049250313e-16,8.881784197001252e-16,8.121727022515632,2.220446049250313e-16,8.881784197001252e-16,-1.6882729774843686
1790250607906,-1.552942316899514,5.0596307959082285,8.420069933453092,1.0897880593541365,0.4174296258872845,1.5860892452153712,-21.06586583166177,-33.21899546218423,-18.703348065419334,23.3349197,85.3205683,4.262922286987305,31.001711660811274,8.983399993412174,138.96381107165567,-2.220446049250313e-16,0.0,9.945303983024395,-2.220446049250313e-16,0.0,0.13530398302439473
1790250608014,0.20255821693637455,5.991992416803052,7.2435551638275095,1.7076980916789548,0.008959497611710818,1.2102330079772596,-26.09819695768371,-31.477931297531608,-14.970373925219286,23.3349197,85.3205683,4.262922286987305,39.59813299819361,-1.2343699547740579,150.87729700625377,0.0,0.0,9.402876919628689,0.0,0.0,-0.40712308037131173
1790250608114,0.09100150669646896,7.475842140466368,4.97287385790432,1.814744142260159,-0.5641482132159319,0.31678123478479725,-29.86146303666981,-29.85912201250234,-11.14533090216415,23.3349197,85.3205683,4.262922286987305,56.36844842505775,-0.5806857520338916,166.74688484734855,1.1102230246251565e-16,0.0,8.979196589340384,1.1102230246251565e-16,0.0,-0.830803410659616
1790250608223,-0.43681628611831225,8.71837616056107,3.8073813564783454,1.6051842880886538,-0.883995990366822,-0.08429125735624161,-32.10453494782805,-29.2482765477176,-5.86055050963049,23.3349197,85.3205683,4.262922286987305,66.40873931604347,2.628919474198471,166.6244084799251,1.1102230246251565e-16,8.881784197001252e-16,9.523499574133275,1.1102230246251565e-16,8.881784197001252e-16,-0.2865004258667252
1790250608332,-0.27062599621546307,8.984035533835701,2.258300939104759,1.7722527208804182,-1.2067955592485455,-0.26518926180554975,-32.478284382689445,-29.46628324936242,2.9656829742560644,23.3349197,85.3205683,4.262922286987305,75.88999894177343,1.6733722298807239,161.26997683691582,-2.220446049250313e-16,0.0,9.267473012348706,-2.220446049250313e-16,0.0,-0.5425269876512946
1790250608441,-0.5647099161726986,9.257115197983639,-0.3157534479361697,1.530076308166304,-1.880276135729987,-0.4428874603962852,-31.225370658111974,-28.85768302013898,11.051236537959449,23.3349197,85.3205683,4.262922286987305,91.95355986863048,3.4888528949060444,158.61817398698952,1.1102230246251565e-16,6.661338147750939e-16,9.279697156591212,1.1102230246251565e-16,6.661338147750939e-16,-0.5303028434087889
1790250608550,-0.981739468396579,8.99007141006209,-1.5267106414560294,1.2164460675235091,-1.913019071410046,-0.6388511701578508,-27.906977445565747,-26.98605352015319,19.54849786141577,23.3349197,85.3205683,4.262922286987305,99.63812499859822,6.144864959144221,145.56498931596477,3.3306690738754696e-16,4.440892098500626e-16,9.171479800149944,3.3306690738754696e-16,4.440892098500626e-16,-0.6385201998500563
1790250608651,-2.455558013836817,9.154592953749583,-2.8541439267728554,0.20761963527907776,-2.5233381993847726,-0.69571608781726,-21.045205029884915,-24.342138308799957,28.778537103576827,23.3349197,85.3205683,4.262922286987305,107.31600598389595,14.363393190152472,118.54531145026124,8.881784197001252e-16,2.220446049250313e-16,9.898609743943545,8.881784197001252e-16,2.220446049250313e-16,0.08860974394354493
1790250608762,-3.0388961642408043,9.247024064956602,-1.3214199507881146,-1.1832277916938576,-3.027192735108021,-0.6937082605313176,-13.10069311794595,-23.51263567222849,34.0278381786834,23.3349197,85.3205683,4.262922286987305,98.13263149186409,18.021263508506543,93.37720360270542,0.0,-2.0122792321330962e-16,9.822855727397448,0.0,-2.0122792321330962e-16,0.012855727397447225
1790250608866,-3.72671125436097,8.81635871698141,1.8025483236327002,-2.029182424906198,-2.3219590198880584,-0.6313685246350207,-2.8190087250723295,-25.068995915320937,34.707865650775084,23.3349197,85.3205683,4.262922286987305,78.44484568700828,22.496250989567894,74.10742735178373,0.0,9.43689570931383e-16,9.739904427606355,0.0,9.43689570931383e-16,-0.07009557239364561
1790250608969,-3.589255706505996,7.783177290976741,4.525042062555497,-2.1815765879170326,-1.7442681868852712,-0.037210983612749514,8.860882090953897,-29.322850747187506,29.149367366690928,23.3349197,85.3205683,4.262922286987305,59.82681565464085,21.735868666383546,61.68301484903892,4.440892098500626e-16,-1.1102230246251565e-15,9.692090122226393,4.440892098500626e-16,-1.1102230246251565e-15,-0.11790987777360762
1790250609080,-2.37043617029783,6.059087007039435,6.738710704327565,-2.353108662407667,-0.952825570396748,0.5360955914076628,14.94328314074903,-33.419583949630486,21.134625775176644,23.3349197,85.3205683,4.262922286987305,41.960178029280904,14.65871928935242,61.17855755693078,0.0,-1.1102230246251565e-15,9.367055297848372,0.0,-1.1102230246251565e-15,-0.4429447021516282
1790250609182,-2.0128912515411437,4.759183564716837,8.205701517089151,-1.7097764652411018,-0.14421620392176285,0.9079869801242637,17.256337892819225,-37.27299225775029,12.275068693817223,23.3349197,85.3205683,4.262922286987305,30.113088848393975,11.980286563524242,61.95450643868839,-8.881784197001252e-16,1.1102230246251565e-16,9.697169524183897,-8.881784197001252e-16,1.1102230246251565e-16,-0.11283047581610361
1790250609288,-1.0890778904520524,3.393879752773407,9.459933944790794,-1.0640788550406772,0.16058770992084206,1.1291708160983929,16.399449104011993,-40.51361167433607,4.977576876041777,23.3349197,85.3205683,4.262922286987305,19.73613764970338,6.184587330371771,66.75609121179005,8.881784197001252e-16,-5.551115123125783e-17,10.109147375894858,8.881784197001252e-16,-5.551115123125783e-17,0.29914737589485796
1790250609402,-0.9936358264134795,3.153464280832706,9.627609367878527,-0.4990629033261381,0.0029988163437113663,0.9754157824729611,12.774536398247225,-42.64912230293119,-1.2945126713967248,23.3349197,85.3205683,4.262922286987305,18.135890678223827,5.60163616636771,72.42551526840647,0.0,9.71445146547012e-17,10.179514294232437,0.0,9.71445146547012e-17,0.3695142942324363
1790250609506,-1.086990153091506,2.9957777017564275,10.6581046218559,0.008208377138020778,0.18028588820797276,1.1632371489501152,8.719240375559968,-43.48150317126285,-5.226800503469716,23.3349197,85.3205683,4.262922286987305,15.699599455217271,5.6074661168245035,78.52231895495035,4.440892098500626e-16,1.6653345369377348e-16,11.124361813681045,4.440892098500626e-16,1.6653345369377348e-16,1.3143618136810442
1790250609606,-0.5646255554927334,3.106819090334168,10.656670113324724,0.7155317719757218,0.2687272048038359,1.1260288862976957,4.478600382827004,-44.22196354449411,-7.092529483423094,23.3349197,85.3205683,4.262922286987305,16.25338461211007,2.9118822874917822,84.18879127949212,-4.440892098500626e-16,0.0,11.114663502878019,-4.440892098500626e-16,0.0,1.304663502878018
1790250609715,-0.3833458182409048,4.080886979525884,8.442139874555115,1.191380402654835,0.12968376047869123,0.988022193817681,-0.7411246671165626,-44.669473261685475,-6.382434665982929,23.3349197,85.3205683,4.262922286987305,25.798883829277013,2.3410971209580484,91.53122644731971,0.0,0.0,9.384578744812158,0.0,0.0,-0.42542125518784246
1790250609827,0.3097638128246542,5.046299700485899,7.529342441747272,0.8196430125364842,0.05089468536482858,0.9733815998453802,-5.228606600236994,-44.575149274500596,-3.4947054955255226,23.3349197,85.3205683,4.262922286987305,33.83069906757602,-1.9573311768027224,98.30412993075488,-8.881784197001252e-16,-2.220446049250313e-16,9.069293902612072,-8.881784197001252e-16,-2.220446049250313e-16,-0.7407060973879283
1790250609928,1.2802507910300083,5.149826149130866,7.872748045388934,0.6178758906377267,-0.04546597458736872,1.0637798579533302,-9.836897239868266,-43.676439654634784,-0.21662511620100677,23.3349197,85.3205683,4.262922286987305,33.190032653306666,-7.749686485351776,105.2244318538332,8.881784197001252e-16,-5.551115123125783e-17,9.494204192052134,8.881784197001252e-16,-5.551115123125783e-17,-0.31579580794786644
1790250610033,1.7723480330991852,5.338838115649009,7.469457789153188,0.7791350042572904,0.17336078952075337,1.0546105191391606,-14.848382479908077,-41.65606138057354,2.645166006845354,23.3349197,85.3205683,4.262922286987305,35.55550763210871,-10.925940005651261,114.06833730398284,-8.881784197001252e-16,0.0,9.350786578650933,-8.881784197001252e-16,0.0,-0.45921342134906773
1790250610142,2.802145064696253,6.045170348542912,6.668352547434125,1.2179672223922693,0.7091149568864957,1.316173670424437,-19.04619515538765,-39.40509319711492,4.891085038391447,23.3349197,85.3205683,4.262922286987305,42.193763310719525,-17.29284315351844,124.54385785139462,1.7763568394002505e-15,8.881784197001252e-16,9.426718793057063,1.7763568394002505e-15,8.881784197001252e-16,-0.38328120694293766
1790250610244,2.794788254019232,6.817326787580474,5.955779250079849,1.0045829282672454,0.7786168699577789,1.4270213162894918,-23.631962422867836,-36.15471271061442,7.327847497195938,23.3349197,85.3205683,4.262922286987305,48.858762460077315,-17.157133577646494,136.09997124828118,8.881784197001252e-16,4.440892098500626e-16,9.47407475108508,8.881784197001252e-16,4.440892098500626e-16,-0.33592524891492026
1790250610344,3.1742470330769175,6.8333750125337245,5.654835710673789,0.849330108643772,0.77062488363287,1.3191327839671578,-28.415510618255105,-31.84877415331816,8.853818314421936,23.3349197,85.3205683,4.262922286987305,50.3911590228016,-19.690967161148585,146.94674101304227,0.0,4.440892098500626e-16,9.420617028816606,0.0,4.440892098500626e-16,-0.3893829711833945
1790250610444,3.5217102337715422,6.667534100309668,5.7588745679644875,0.758430346127156,1.0241930181862045,1.3046985065464058,-32.60385620858411,-27.44160614593026,9.388528612536996,23.3349197,85.3205683,4.262922286987305,49.18221076581553,-21.787992395244792,155.51208780838846,0.0,-4.440892098500626e-16,9.488049864908575,0.0,-4.440892098500626e-16,-0.32195013509142534
1790250610544,4.821786725654256,6.471335424020352,5.059716594565709,0.6662527919081204,1.0114639670963805,1.184224587242544,-36.27863594849568,-22.3886776885935,8.572589911542984,23.3349197,85.3205683,4.262922286987305,51.979360040382105,-30.412119220277855,171.77967924158494,0.0,1.3322676295501878e-15,9.525153091431124,0.0,1.3322676295501878e-15,-0.28484690856887696
1790250610644,5.898332892906403,6.362056269993759,5.741470220457683,0.2708815826976052,0.5904703902185583,0.46472164967499824,-39.33285414418693,-16.913616447900722,6.382124700929275,23.3349197,85.3205683,4.262922286987305,47.935165345821645,-34.53867935264043,-177.8997767448,1.3322676295501878e-15,-8.881784197001252e-16,10.40339229244533,1.3322676295501878e-15,-8.881784197001252e-16,0.5933922924453299
1790250610744,5.156452168332955,6.4346016829334225,6.042992447490128,-0.06318745562202684,-0.5308220961207031,-0.7686868609352351,-40.91723536717321,-13.527112335609166,4.497619546329086,23.3349197,85.3205683,4.262922286987305,46.797637701139216,-30.29116230542397,-175.5094052079587,1.1102230246251565e-15,8.881784197001252e-16,10.223055096336807,1.1102230246251565e-15,8.881784197001252e-16,0.4130550963368069
1790250610846,3.4871898345560846,6.841074593583697,5.513933177903164,-0.3215013552376281,-1.1478649625683215,-1.5915686125886355,-40.91528111610177,-14.217941039379962,4.540079169024098,23.3349197,85.3205683,4.262922286987305,51.13104833384977,-21.647008987864922,179.34109978132753,-6.661338147750939e-16,0.0,9.453266823040007,-6.661338147750939e-16,0.0,-0.3567331769599935
1790250610946,2.6115220929176446,7.503189371521884,5.217293375168135,-0.6425861456253523,-1.4501745546860738,-1.6898407593313978,-39.10563907043738,-17.89733449507455,6.712760940053464,23.3349197,85.3205683,4.262922286987305,55.187433714220894,-15.947894866616087,170.36702960120718,0.0,8.881784197001252e-16,9.504633004450474,0.0,8.881784197001252e-16,-0.3053669955495266
1790250611047,2.721584112286151,7.98230017637326,5.8748838170295885,-0.7515322786226668,-1.6304639742054376,-1.278451901784041,-35.44645143213977,-22.92186134338079,9.855080114237023,23.3349197,85.3205683,4.262922286987305,53.64734660289828,-15.354811203083297,159.60126977104716,0.0,2.6645352591003757e-15,10.278054098396892,0.0,2.6645352591003757e-15,0.46805409839689105
1790250611150,2.653196000446658,7.640986995629895,6.0056762282843135,-0.2596766396487637,-1.1470879726368157,-0.9947294686001676,-30.69884723735683,-28.12464519539216,12.362505013896085,23.3349197,85.3205683,4.262922286987305,51.83329998634626,-15.269635237617896,148.1762927415662,0.0,0.0,10.074337608158196,0.0,0.0,0.2643376081581952
1790250611263,2.456569127471083,7.887697374508594,4.672525847647586,0.013653310309099019,-0.9099345999046276,-0.8272978862581429,-24.61919615081851,-32.87133585546668,15.211462010945855,23.3349197,85.3205683,4.262922286987305,59.358285019740286,-15.000400865198134,139.2146525681824,4.440892098500626e-16,1.3322676295501878e-15,9.491206432630607,4.440892098500626e-16,1.3322676295501878e-15,-0.31879356736939357
1790250611366,1.8326783410355574,8.27649607590016,4.806552199331685,-0.11850232705046665,-0.6284925740243053,-0.7570272595665327,-20.164461707508522,-35.303164325232316,17.387923236425713,23.3349197,85.3205683,4.262922286987305,59.85424092657461,-10.839963358841942,128.29983216128605,-4.440892098500626e-16,4.440892098500626e-16,9.74484690700638,-4.440892098500626e-16,4.440892098500626e-16,-0.06515309299362038
1790250611475,0.9963744881823925,8.454012026651856,5.3765488531005525,-0.001477103778065779,-0.35256743138618624,-0.7409917251477995,-14.419250598618037,-36.4437968865733,17.932203428824987,23.3349197,85.3205683,4.262922286987305,57.54461824272104,-5.679383162144248,115.76092206308509,8.881784197001252e-16,8.881784197001252e-16,10.068284811091303,8.881784197001252e-16,8.881784197001252e-16,0.2582848110913023
1790250611584,-0.06777845961557533,8.8931299985508,4.859664378513414,0.09355040890005037,-0.2474197968871835,-0.6218656560210942,-8.960679825701563,-36.26245731418167,15.852238569857274,23.3349197,85.3205683,4.262922286987305,61.345534622654455,0.38318982026143433,105.77086152373519,0.0,2.220446049250313e-16,10.134529735636685,0.0,2.220446049250313e-16,0.3245297356366841
1790250611684,-0.15154207831425026,8.50003599337589,4.898657682658536,-0.15341571760272665,-0.3489260503974109,-0.3434435580538022,-6.831815907247484,-36.19977832621873,19.087532976730653,23.3349197,85.3205683,4.262922286987305,60.04471259869216,0.8849662276355253,100.66663212560209,8.881784197001252e-16,1.1102230246251565e-16,9.811749282470224,8.881784197001252e-16,1.1102230246251565e-16,0.0017492824702234344
1790250611784,-0.012007569587972014,8.114174891628299,5.340994104287847,-0.12191537538440374,-0.14593743088066796,-0.21723365044171472,-5.032911135115068,-35.916434290926404,21.987290418859086,23.3354476,85.3205683,6.374166965484619,56.64588445411961,0.07082223532915205,97.48134317682373,1.7763568394002505e-15,2.220446049250313e-16,9.714226493946704,1.7763568394002505e-15,2.220446049250313e-16,-0.09577350605329649
1790250611889,-1.0683592335034815,8.39567608467541,5.510553708290063,-0.10733932357349318,-0.06005946126483883,-0.1383320438965267,-4.522941012475877,-35.42040462553228,24.921532551389415,23.3354476,85.3205683,6.374166965484619,56.72086072065053,6.0724495225082,92.6277623342131,0.0,1.1102230246251565e-16,10.099255940045886,0.0,1.1102230246251565e-16,0.2892559400458854
1790250611992,-1.4345920140545445,8.374707017055986,5.9698689437127666,0.06318345141618278,-0.09147771349560453,0.09665058622150671,-6.232481324426978,-33.75136254207326,32.97557607413848,23.3354476,85.3205683,6.374166965484619,54.51701468804591,7.940835703609165,91.97535961136518,0.0,-1.1102230246251565e-16,10.384272101279993,0.0,-1.1102230246251565e-16,0.574272101279993
1790250612105,-0.4374534645968523,8.743897819151446,4.9512880350890045,0.39174597559847735,0.2000269298819773,0.29956065902574525,-3.445729835974991,-34.89129456329045,27.136758778735235,23.3354476,85.3205683,6.374166965484619,60.47901421278873,2.4927689039605263,93.16473809528348,1.7763568394002505e-15,0.0,10.057950477699954,1.7763568394002505e-15,0.0,0.2479504776999537
1790250612211,0.15394044960925524,8.840951137546037,4.335832140754816,0.4058834412775084,0.3711675785650908,0.3523393442805758,-3.074720548300162,-34.80967935723555,24.91196945972617,23.3354476,85.3205683,6.374166965484619,63.87546786420233,-0.8956525010169406,95.25654419515372,-4.440892098500626e-16,0.0,9.848124442314129,-4.440892098500626e-16,0.0,0.03812444231412826
1790250612311,0.01828951692236034,9.019012127362368,4.305129430811098,0.4371710894802115,0.38422576010591836,0.4246739819754355,-4.484139055574358,-33.682611550352775,26.655865202793592,23.3354476,85.3205683,6.374166965484619,64.48302042031399,-0.10485574936176645,96.70495297050398,-4.440892098500626e-16,0.0,9.993850793161492,-4.440892098500626e-16,0.0,0.18385079316149167
1790250612424,0.5581254294105061,8.751728255541721,4.213328804066587,0.5186912959495663,0.501402075700565,0.5323822159660054,-6.920003891392017,-32.417570624169564,28.58394730420975,23.3354476,85.3205683,6.374166965484619,64.29252442650011,-3.2886523240521317,102.23636528539471,-8.881784197001252e-16,-1.1102230246251565e-16,9.729151610751021,-8.881784197001252e-16,-1.1102230246251565e-16,-0.0808483892489793
1790250612524,1.153992461084931,8.609885087763987,3.3911877138023394,0.6881609621014908,0.6311793297032617,0.5373767564381879,-9.74137006896458,-31.09437583154041,29.07763942636027,23.3354476,85.3205683,6.374166965484619,68.50193689189501,-7.108461568605608,109.6641549808906,-4.440892098500626e-16,1.1102230246251565e-16,9.325340419254701,-4.440892098500626e-16,1.1102230246251565e-16,-0.4846595807452996
1790250612629,1.6345014755955753,8.606543938920673,3.1934658037182513,0.5113987964675185,0.4808906212649198,0.5111519601623771,-12.670140908118473,-30.318074219513576,27.735696685192558,23.3354476,85.3205683,6.374166965484619,69.64258314556412,-10.095824146935907,116.97159250272665,-4.440892098500626e-16,-8.881784197001252e-16,9.324291795402702,-4.440892098500626e-16,-8.881784197001252e-16,-0.485708204597298
1790250612744,2.207430916623561,8.653379375787,2.9759231108747453,0.4400499671492289,0.35009351400240774,0.5606874834311703,-15.617024207415117,-29.20986495405195,26.804507996195813,23.3354476,85.3205683,6.374166965484619,71.02175279448966,-13.562255942907123,124.98383431915124,0.0,2.220446049250313e-16,9.413280205900586,0.0,2.220446049250313e-16,-0.3967197940994147
1790250612854,3.20630265184939,8.762581922488467,1.9711644259301042,0.6172831859712451,0.33639625898901115,0.68112648092957,-18.156353397173806,-27.692853685844998,26.650098533683703,23.3354476,85.3205683,6.374166965484619,77.32220871202063,-19.645927983205844,136.63956008285555,8.881784197001252e-16,0.0,9.536703195425057,8.881784197001252e-16,0.0,-0.27329680457494376
1790250612964,4.304097098786975,8.903566758548054,-0.0672511064521937,0.48987900545363544,0.581235639719839,0.6801069110245247,-21.487797486669614,-25.001192832179175,26.039878615232208,23.3354476,85.3205683,6.374166965484619,90.43276266653884,-25.799071427819822,155.62063434215187,1.3183898417423734e-16,-1.1032841307212493e-15,9.889553861071157,1.3183898417423734e-16,-1.1032841307212493e-15,0.07955386107115636
1790250613066,4.6904490600758,8.741340051858256,0.8323883611545176,0.16304617310328748,0.6410774189851572,0.32285533733845856,-24.540513855520818,-22.46782998441583,25.651967788692538,23.3354476,85.3205683,6.374166965484619,84.56044884699784,-28.109618312874193,158.71151592502918,-6.106226635438361e-16,-2.220446049250313e-16,9.955109676501447,-6.106226635438361e-16,-2.220446049250313e-16,0.14510967650144657
1790250613166,4.601167044222202,8.625673621024067,1.6864755772362763,-0.05896910488450846,0.5572610441386898,0.0414577340243084,-27.175129701965773,-20.7107818568987,24.68559612002446,23.3354476,85.3205683,6.374166965484619,78.93719459853098,-27.632711362194524,159.80369858504343,-9.992007221626409e-16,-8.881784197001252e-16,9.920543506173507,-9.992007221626409e-16,-8.881784197001252e-16,0.1105435061735065
1790250613276,4.038564846282483,8.944030915964225,1.1393314381458237,0.1535040389813777,0.6868817292189318,-0.09496551838712203,-29.45857197130635,-19.7422409881803,23.140777314175956,23.3354476,85.3205683,6.374166965484619,82.74050009918263,-24.128462919099462,162.44351752084216,1.8318679906315083e-15,2.6645352591003757e-15,9.879462089066383,1.8318679906315083e-15,2.6645352591003757e-15,0.0694620890663824
1790250613389,3.2094023382428447,8.515475475401026,3.401303576043752,-0.452313597861305,0.13850214863751006,-0.08959123481140358,-31.412051043022778,-19.65291306430084,20.830264325076328,23.3354476,85.3205683,6.374166965484619,68.22694029390985,-19.290215559258915,156.46349678840136,0.0,0.0,9.715063147364663,0.0,0.0,-0.09493685263533713
1790250613493,3.084661899416559,7.516265558666692,4.626692380384116,-0.4027351666715781,0.23350970868268284,0.02708041668278095,-31.92903544040658,-19.957311337503896,18.14534965006357,23.3354476,85.3205683,6.374166965484619,58.38532053433588,-19.26411732110724,156.00926697875056,0.0,-1.3322676295501878e-15,9.349634718255881,0.0,-1.3322676295501878e-15,-0.46036528174411906
1790250613602,3.1187402226614402,7.2771832757177926,6.354533218094351,-0.21253361016107264,-0.048074861533223934,-0.113285211849614,-32.08569205300773,-20.619631241365333,16.123530572314046,23.3354476,85.3205683,6.374166965484619,48.87210589732151,-17.890758962437225,153.49724772010725,-4.440892098500626e-16,-8.881784197001252e-16,10.152045578340239,-4.440892098500626e-16,-8.881784197001252e-16,0.3420455783402385
1790250613702,3.610670602503953,8.585143598405951,3.706061291489865,0.47994497942049474,0.04414955094715084,0.04342394807834791,-32.45414062771316,-21.1413704076621,14.973348156275726,23.3354476,85.3205683,6.374166965484619,66.6509593338932,-21.113083493215285,163.6408517209224,0.0,-8.881784197001252e-16,10.02379783821065,0.0,-8.881784197001252e-16,0.2137978382106489
1790250613802,4.184385139931532,8.744315928239601,2.759099458269841,0.32467556179310536,-0.4473956617042488,0.02146215162063362,-32.64505688605492,-20.69964164551589,15.299621750645171,23.3354476,85.3205683,6.374166965484619,72.48791876488555,-24.529504064101975,169.65996612482877,-8.881784197001252e-16,-4.440892098500626e-16,10.078927019914845,-8.881784197001252e-16,-4.440892098500626e-16,0.2689270199148446
1790250613910,4.000757946154705,8.707339828435588,1.7475056879547168,0.19100437938155956,-0.5621779735565028,-0.11522995192485777,-32.31666515427891,-20.364549758670236,17.110859915905014,23.3354476,85.3205683,6.374166965484619,78.65187143157377,-24.250937628968096,170.2219842100791,-1.6653345369377348e-16,6.661338147750939e-16,9.740513701084495,-1.6653345369377348e-16,6.661338147750939e-16,-0.06948629891550517
1790250614010,3.9418731786426466,8.824654874525804,1.3083944716689726,-0.03245740521009299,-0.7829846366475884,-0.2531726845131945,-31.226884012415688,-20.428278855915977,19.16276823997792,23.3354476,85.3205683,6.374166965484619,81.56643518201261,-23.83864219925242,167.79968604006507,4.440892098500626e-16,-1.1102230246251565e-15,9.7531940360319,4.440892098500626e-16,-1.1102230246251565e-15,-0.05680596396810067
1790250614110,3.1379085460628775,9.301820447612606,1.2074948723746,-0.053641782492437146,-0.7215697283969861,-0.3056846733509353,-29.231754302022562,-20.86653013382757,21.74916028531491,23.3354476,85.3205683,6.374166965484619,82.60363857877772,-18.49697257314173,158.06349983835426,0.0,-2.220446049250313e-16,9.890822895486977,0.0,-2.220446049250313e-16,0.08082289548697652
1790250614219,3.350195562234995,9.0136912393858,1.50815377683601,-0.17054260633324417,-0.6878504466220345,-0.2806890839396629,-26.77182999046765,-20.981124018853176,24.176871293505123,23.3354476,85.3205683,6.374166965484619,80.50136549556044,-20.13206001080034,153.38835276671335,3.3306690738754696e-16,-6.661338147750939e-16,9.73370268082933,3.3306690738754696e-16,-6.661338147750939e-16,-0.07629731917067062
1790250614319,3.0923886383078174,8.867912063387491,1.297543223925609,-0.07268107686626155,-0.517788248499291,-0.42648926330287074,-24.39945168572437,-21.44989712405588,25.774509176524546,23.3354476,85.3205683,6.374166965484619,81.67561481552757,-19.0366190005817,148.4298690280475,-1.2212453270876722e-15,-2.220446049250313e-16,9.480841221762123,-1.2212453270876722e-15,-2.220446049250313e-16,-0.3291587782378773
1790250614421,2.173572088497549,9.140799763776224,1.740551708654249,-0.014232449303983017,-0.28287320810786054,-0.6082822767814711,-22.06517560685065,-22.34679101572543,27.043990850240117,23.3354476,85.3205683,6.374166965484619,79.2190471412781,-13.14801574234874,137.73314643194112,-6.661338147750939e-16,-4.440892098500626e-16,9.55553013682895,-6.661338147750939e-16,-4.440892098500626e-16,-0.25446986317105136
1790250614528,1.725508013657835,9.368695138852217,1.6359693549120358,-0.08746209735794416,-0.5680009251656669,-0.6232254104660379,-18.75212398752536,-23.459482963246327,28.12367384710036,23.3354476,85.3205683,6.374166965484619,80.09483493688144,-10.28346312417109,129.97484644377704,1.1102230246251565e-15,2.220446049250313e-16,9.665724092904881,1.1102230246251565e-15,2.220446049250313e-16,-0.1442759070951194
1790250614639,0.9505786106040933,9.241580574014455,1.103555269472141,-0.10514480502914993,-0.6268152785324094,-0.7170572908444643,-15.143731064434169,-23.875256420194045,28.79532325463465,23.3354476,85.3205683,6.374166965484619,83.19044270387309,-5.831585466376576,121.16546944672035,4.440892098500626e-16,1.1102230246251565e-16,9.355653127052065,4.440892098500626e-16,1.1102230246251565e-16,-0.4543468729479354
1790250614739,-0.23944398308994125,8.842538619679281,1.0993095435799212,-0.2654808738353612,-0.6963123920480577,-0.8118596172996686,-11.542976086880415,-24.736908451100557,29.46762388898972,23.3354476,85.3205683,6.374166965484619,82.91331577104827,1.539269356112161,108.25030687024422,-8.881784197001252e-16,-2.220446049250313e-16,8.913826570792335,-8.881784197001252e-16,-2.220446049250313e-16,-0.896173429207666
1790250614845,-1.4635110818606263,9.175141253663984,0.8919999175367866,-0.35609000908499444,-0.5252258510312563,-0.804037709455053,-7.208834004692674,-25.312897034621933,29.616286000064754,23.3354476,85.3205683,6.374166965484619,84.44720035171476,9.020978361611862,94.33171609907114,-2.220446049250313e-16,-8.326672684688674e-17,9.33384945048404,-2.220446049250313e-16,-8.326672684688674e-17,-0.47615054951596036
1790250614954,-1.8271081227579733,9.546428271310544,2.314020034616771,-0.6687921476046796,-0.4625516017886902,-0.6331482606620602,-1.2098031709247579,-25.613495510550198,28.759562376249892,23.3354476,85.3205683,6.374166965484619,76.37451078457396,10.536903074643023,83.11955909949583,-8.881784197001252e-16,-8.326672684688674e-17,9.991361546462683,-8.881784197001252e-16,-8.326672684688674e-17,0.1813615464626821
1790250615054,-2.1823631538920476,9.433480166110643,3.549246293096,-0.4400496297830966,-0.08299551448890509,-0.5340339369402527,2.724649871028818,-26.65233384659552,27.730378485966693,23.3354476,85.3205683,6.374166965484619,69.38172604852825,12.217326260893765,75.99806048141562,4.440892098500626e-16,1.1102230246251565e-16,10.31263333144955,4.440892098500626e-16,1.1102230246251565e-16,0.5026333314495499
1790250615163,-3.170045187065092,9.950061138125506,3.3929376026416467,-0.1260803868907793,0.04722884302604802,-0.4059395390628134,6.005348225728281,-27.74733392189633,26.630554528988657,23.3354476,85.3205683,6.374166965484619,71.17079522353706,16.7804680236341,66.86157481077618,-4.440892098500626e-16,-5.551115123125783e-16,10.980206223741412,-4.440892098500626e-16,-5.551115123125783e-16,1.1702062237414115
1790250615263,-2.756031085305405,9.572357770035063,3.594269494671599,-0.22859370089531733,-0.14195700446584286,-0.02541680429766386,8.170511981997658,-28.65088451813977,25.830946540658672,23.3354476,85.3205683,6.374166965484619,69.41963428564658,15.08505171603037,65.06655441317453,8.881784197001252e-16,-6.661338147750939e-16,10.589830679526807,8.881784197001252e-16,-6.661338147750939e-16,0.7798306795268068
1790250615364,-2.0006106041318716,9.033661422474001,3.4961858450690984,-0.07617579934488213,-0.07875178079611411,0.005632217785289651,9.209841556367143,-29.278930761712928,25.11018757880073,23.3354476,85.3205683,6.374166965484619,68.84268612367626,11.669430312634299,66.0660147493618,8.881784197001252e-16,-8.881784197001252e-16,9.891046302010794,8.881784197001252e-16,-8.881784197001252e-16,0.08104630201079388
1790250615472,-1.7457433283122699,8.829617196604913,3.398433452131412,-0.031012712802924898,-0.020849270167766738,-0.052272601550055316,9.787905244229526,-29.55630109689861,24.280534976417307,23.3354476,85.3205683,6.374166965484619,68.94877174120913,10.454566374148257,65.81512587018109,0.0,0.0,9.620764498494589,0.0,0.0,-0.18923550150541146
1790250615581,-1.839866401684851,8.94786997538841,3.4575018790426637,0.0051883624404532955,0.03180764739374986,-0.11360068200302667,10.166226625545402,-29.810835122723827,24.38979184631356,23.3354476,85.3205683,6.374166965484619,68.87321774000189,10.857464590401532,65.02673118856877,4.440892098500626e-16,-2.220446049250313e-16,9.76748712392751,4.440892098500626e-16,-2.220446049250313e-16,-0.042512876072491323
1790250615690,-2.4625570741557783,9.160168512236986,3.5401726507544584,-0.0076968929647681815,0.02065375957188996,-0.0267260167069652,10.456605783645534,-30.196184795324648,24.650607587308407,23.3354476,85.3205683,6.374166965484619,68.86974807630224,14.07709633206128,62.35884001565092,-4.440892098500626e-16,0.0,10.124509712238043,-4.440892098500626e-16,0.0,0.314509712238042
1790250615791,-2.3963826745665315,9.040439358096538,3.7412151707611487,0.08682839323651052,0.06918988370287874,0.0392492639770636,10.60140384701539,-30.262492110316337,25.07757013484954,23.3354476,85.3205683,6.374166965484619,67.51870573532233,13.76247740385237,62.87616278319525,4.440892098500626e-16,2.220446049250313e-16,10.073176493257574,4.440892098500626e-16,2.220446049250313e-16,0.2631764932575731
1790250615904,-2.144539987876932,9.03270678740807,3.2373490495910113,0.15511313198207957,0.22645474374372032,0.10370737827238388,10.688763069422667,-30.29547746585389,25.439813411288974,23.3354476,85.3205683,6.374166965484619,70.28216907405626,12.598471402233677,63.025953228747106,8.881784197001252e-16,0.0,9.832053322464178,8.881784197001252e-16,0.0,0.022053322464177683
1790250616011,-1.9456507376267802,9.000774232639628,3.0874286689140504,0.10388572729344443,0.47808374641557344,0.15190467990382117,10.063917044571967,-30.34163879907404,26.03716672753738,23.3354476,85.3205683,6.374166965484619,71.06710277179032,11.555988510682372,64.82012191843572,-8.881784197001252e-16,1.1102230246251565e-15,9.712451254210212,-8.881784197001252e-16,1.1102230246251565e-15,-0.09754874578978878
1790250616125,-2.0999186853428853,8.87227843929678,2.746230221935334,0.011049567698466954,0.407450095143336,0.019164387643347304,8.068552724372323,-30.2592440049315,27.102711268174414,23.3354476,85.3205683,6.374166965484619,72.80117118876075,12.740341932822817,66.92363421874478,8.881784197001252e-16,-4.440892098500626e-16,9.522014682898453,8.881784197001252e-16,-4.440892098500626e-16,-0.2879853171015476
1790250616225,-2.6907707919680495,9.063691213887836,2.639200467429069,-0.07201212543312338,0.27176480134427705,-0.025717544050969033,6.45427001173219,-30.25603068804217,27.788182927359728,23.3354476,85.3205683,6.374166965484619,73.76529335574695,15.909440341769683,66.90489707356807,3.552713678800501e-15,-5.551115123125783e-16,9.816115575057871,3.552713678800501e-15,-5.551115123125783e-16,0.00611557505787097
1790250616329,-2.519960519838345,8.929432701740435,3.1215818315422443,-0.15724383215054166,0.08247726105771024,0.013140821802548792,5.111455469486719,-30.33607064301295,27.919948883727884,23.3354476,85.3205683,6.374166965484619,70.73121884447994,14.917114133608965,70.49612252792116,2.220446049250313e-15,2.220446049250313e-16,9.789241161983398,2.220446049250313e-15,2.220446049250313e-16,-0.02075883801660261
1790250616444,-2.4064126239627113,8.974051420982628,3.215709763819606,-0.02447504910743936,-0.033444414055032505,-0.04599768360773952,4.014907661772407,-31.297038865461364,27.635234104581553,23.3354476,85.3205683,6.374166965484619,70.28566019376582,14.16746953579391,73.00000666656821,8.881784197001252e-16,8.881784197001252e-16,9.831846719123124,8.881784197001252e-16,8.881784197001252e-16,0.021846719123123748
1790250616544,-2.470270800590302,9.235714883471722,3.123175279213456,-0.037869340234311294,0.0076668910853989365,-0.020238493333288973,3.6528620887055854,-31.83406545377576,27.268808745698358,23.3354476,85.3205683,6.374166965484619,71.31637536693563,14.218055378341527,73.42003101251655,-8.881784197001252e-16,3.3306690738754696e-16,10.057578787248955,-8.881784197001252e-16,3.3306690738754696e-16,0.24757878724895477
1790250616646,-1.9577192384883686,10.320149147400274,3.9393633069259764,-0.04392051951587129,-0.11869701167334046,-0.007291924470849582,3.5592336054698204,-32.04977216407997,26.82593383759935,23.3354476,85.3205683,6.374166965484619,69.10735764956357,10.049954422901628,77.02463794005789,-8.881784197001252e-16,3.3306690738754696e-16,11.218588427484487,-8.881784197001252e-16,3.3306690738754696e-16,1.4085884274844869
1790250616749,0.05733602623800896,8.58758764702831,4.294548943632379,-0.4035951698994859,-0.6510649569421993,-0.3368887030377661,4.037778200927317,-32.355067079019086,26.711301713903886,23.3354476,85.3205683,6.374166965484619,63.430918478121185,-0.34213979851487564,84.23048116678879,8.881784197001252e-16,-1.6653345369377348e-16,9.60172378505818,8.881784197001252e-16,-1.6653345369377348e-16,-0.20827621494182047
1790250616854,-1.786731990609403,8.044114680075516,4.565021976243377,-0.00673225305462935,-0.8301495223831442,-0.8668158755262879,6.112490403333326,-32.69678619998273,25.726007086326696,23.3354476,85.3205683,6.374166965484619,60.42516010568106,10.933577177422432,73.65317782586672,4.440892098500626e-16,-3.3306690738754696e-16,9.420170796543896,4.440892098500626e-16,-3.3306690738754696e-16,-0.38982920345610417
1790250616954,-2.5800066545060094,7.481981805766941,3.031190859907813,0.10463360914602718,-1.0716962935637415,-0.7919742985732712,10.464758352538288,-31.8006374024138,24.72012460405417,23.3354476,85.3205683,6.374166965484619,67.9455515221051,17.723737940761787,60.414136850063215,1.3322676295501878e-15,-1.1102230246251565e-15,8.474939770187838,1.3322676295501878e-15,-1.1102230246251565e-15,-1.3350602298121625
1790250617064,-3.6460423539666977,6.827130259997706,3.8875261707163906,-0.1477450907907121,-0.5077644427214976,-0.8634648503252335,14.806051668171325,-31.053333319335497,23.98594476691798,23.3354476,85.3205683,6.374166965484619,60.34181113143931,24.895417526746087,50.808732200289114,0.0,-8.881784197001252e-16,8.661188842295278,0.0,-8.881784197001252e-16,-1.1488111577047224
1790250617164,-5.4183714223396615,6.754874925629508,3.3269317710949897,0.0011191470947310399,0.054880637439278145,-0.7976510066508402,19.038320422892035,-30.143502187339468,22.705287969890108,23.3354476,85.3205683,6.374166965484619,63.77868974805403,35.73868459622211,34.69010330128043,-8.881784197001252e-16,8.881784197001252e-16,9.276613559960696,-8.881784197001252e-16,8.881784197001252e-16,-0.5333864400393047
1790250617265,-6.933715193109413,6.569952330404186,3.8389949379431494,-0.4283538115081611,0.10615950480260775,-0.7373408605830318,23.08033792220863,-29.289972436177248,21.653369986750636,23.3354476,85.3205683,6.374166965484619,59.701139159097224,42.34010517536495,25.618960001420113,0.0,0.0,10.294588973654696,0.0,0.0,0.4845889736546951
1790250617372,-8.071491197423068,7.028373487619321,4.607907822528695,-0.4037925989477987,0.20605366698273198,-0.07811180520765194,26.972631310286648,-28.838261382267973,20.724388267585137,23.3354476,85.3205683,6.374166965484619,56.75054593480691,43.843075944299294,20.56867221757358,-4.440892098500626e-16,8.881784197001252e-16,11.652459763177447,-4.440892098500626e-16,8.881784197001252e-16,1.8424597631774464
1790250617484,-6.42572123293701,6.461832751402809,5.9942909071647525,-0.6955215188909162,-0.10404197424565621,0.48107930383756076,28.775530943486423,-29.16333076340794,20.04563864699053,23.3354476,85.3205683,6.374166965484619,47.14959367009203,36.09335015647309,28.80746520325697,0.0,0.0,10.907644078820944,0.0,0.0,1.0976440788209434
1790250617585,-5.492709654525767,6.587545846588495,5.675284115469081,-0.6696179984313704,0.13800740845317586,0.5410785311715907,28.549653325139822,-30.362550322983388,19.177361725182,23.3354476,85.3205683,6.374166965484619,49.25453533906314,32.280699027523575,30.868033792750502,-8.881784197001252e-16,4.440892098500626e-16,10.284671575753967,-8.881784197001252e-16,4.440892098500626e-16,0.4746715757539661
1790250617690,-4.947575748892163,6.009799013356432,6.243794936924384,-0.752786366248341,0.17922096518305614,0.8920529003727047,25.29382153710863,-33.43076028902541,19.547352856231008,23.335611,85.3205683,4.020885467529297,43.90600671231384,29.722315825074748,40.62907683834481,8.881784197001252e-16,4.440892098500626e-16,9.97903628545003,8.881784197001252e-16,4.440892098500626e-16,0.16903628545003002
1790250617805,-3.985742098808689,5.453568332177575,7.680065701526547,-0.6388491023635672,0.15845252738468762,0.9374051194652074,21.03785802097347,-36.20761564006652,18.85599933438483,23.335611,85.3205683,4.020885467529297,35.3783312325119,22.935286777505308,52.50278325083822,8.881784197001252e-16,8.881784197001252e-16,10.227949785353388,8.881784197001252e-16,8.881784197001252e-16,0.4179497853533878
1790250617907,-4.447927215667965,6.1311494999684975,7.932151258940885,-0.0953538837046324,0.17341026932597342,0.9145687807160351,16.02937093100925,-38.75325304368572,17.53363977580145,23.335611,85.3205683,4.020885467529297,37.702199065460086,23.92507949096716,59.18641287078528,0.0,-1.1102230246251565e-16,10.967865530793182,0.0,-1.1102230246251565e-16,1.157865530793181
1790250618011,-2.7924072249654026,6.27689359891621,8.026669059257195,0.15857268302981428,0.7782464670514917,1.0682283160323611,10.892837072150465,-40.51869059936009,16.586092263919685,23.335611,85.3205683,4.020885467529297,38.02557755500166,15.325439603559474,69.58248161317314,1.7763568394002505e-15,-2.220446049250313e-16,10.565242427364886,1.7763568394002505e-15,-2.220446049250313e-16,0.7552424273648857
1790250618121,-2.263820260800362,7.151381415055619,7.462208841940057,0.8612303959832437,0.9513067637480266,0.6488155438629457,4.141451027809898,-41.29975734450208,16.15244391046144,23.335611,85.3205683,4.020885467529297,43.78151675891774,12.354346820276444,79.40983737302213,0.0,8.881784197001252e-16,10.580722995974401,0.0,8.881784197001252e-16,0.7707229959744009
1790250618221,-1.8232993888724462,8.244737939806429,3.82760610478479,1.0095112614234687,1.0346768033768388,0.6398000517129802,-0.9435740917443111,-40.875680843055356,16.94598888635601,23.335611,85.3205683,4.020885467529297,65.09699170557347,11.342169268887972,85.7568677138602,4.440892098500626e-16,-2.8449465006019636e-16,9.270959651024913,4.440892098500626e-16,-2.8449465006019636e-16,-0.539040348975087
1790250618326,-1.4928213943688948,8.156110853261373,4.3707567826099725,-0.003423006246050679,0.6501868406363935,0.6053743761571682,-5.4844736141687145,-39.98176740601494,18.696251334869807,23.335611,85.3205683,4.020885467529297,61.81370493347484,9.164370920863533,93.88052146180571,4.440892098500626e-16,3.3306690738754696e-16,9.373055788743844,4.440892098500626e-16,3.3306690738754696e-16,-0.4369442112561561
1790250618426,-1.4285574946699346,8.428137332547406,4.8980022161604495,0.00441100713624417,0.4924970884815021,0.35676405416698864,-9.536910203097158,-39.57957742113446,19.0880255427649,23.335611,85.3205683,4.020885467529297,59.837037021429005,8.337261033027957,100.10636666892492,8.881784197001252e-16,-2.220446049250313e-16,9.852141956009852,8.881784197001252e-16,-2.220446049250313e-16,0.04214195600985171
1790250618535,-1.8396535407452363,8.633941422293015,4.560226203086915,0.21967379906658221,0.41862511931844393,0.3272582656538586,-12.959620204574827,-39.017593974030106,18.830544677725776,23.335611,85.3205683,4.020885467529297,62.158135903564634,10.669850535460439,104.1424478246781,0.0,4.440892098500626e-16,9.936042102209719,0.0,4.440892098500626e-16,0.126042102209718
1790250618644,-1.92256440986051,8.61659936372285,3.7932906521238756,0.33569673360910346,0.3682523701315697,0.13352065535663066,-15.010531866697807,-38.358052561015896,18.965078000447544,23.335611,85.3205683,4.020885467529297,66.23943738293003,11.541724343377615,107.21932560736656,-4.440892098500626e-16,-4.440892098500626e-16,9.608906934530154,-4.440892098500626e-16,-4.440892098500626e-16,-0.20109306546984662
1790250618745,-2.4472653643342728,7.887253752049729,4.3094260565775455,0.006987066735045844,0.2896936881333823,0.15180726494064617,-16.560992816924532,-38.04991077567191,19.275495032404404,23.335611,85.3205683,4.020885467529297,61.34875527488336,15.231718137469937,105.87420515490147,-8.881784197001252e-16,-8.881784197001252e-16,9.31498966450324,-8.881784197001252e-16,-8.881784197001252e-16,-0.4950103354967599
1790250618846,-2.100267038380412,7.189252974719815,5.387118533463642,-0.10658430287457031,-0.2470992231608368,0.2468638521248473,-17.876549407736018,-37.89223084646881,19.34087666678915,23.335611,85.3205683,4.020885467529297,53.15470113382875,13.15867554795478,107.57757597816973,-4.440892098500626e-16,4.440892098500626e-16,9.225916001168251,-4.440892098500626e-16,4.440892098500626e-16,-0.5840839988317494
1790250618952,-1.7905622712006046,7.633662204646059,4.788740662160051,-0.10124229862826128,-0.23890430189989498,0.09513860818771612,-18.974572215563583,-37.62572550615916,19.141621197732153,23.335611,85.3205683,4.020885467529297,57.89917382876502,11.23831041058689,110.86864544723899,0.0,-2.220446049250313e-16,9.187543144449112,0.0,-2.220446049250313e-16,-0.6224568555508885
1790250619052,-1.7629394831220289,7.795965857423405,4.054992233360002,-0.41092482099531313,-0.6904305471376523,0.19178256854755543,-19.32698774934518,-37.84753317367816,19.11905072452393,23.335611,85.3205683,4.020885467529297,62.51926302833223,11.344038459813612,112.06663740252375,-8.881784197001252e-16,2.220446049250313e-16,8.962588983316817,-8.881784197001252e-16,2.220446049250313e-16,-0.8474110166831839
1790250619170,-0.7794503109075297,8.268820183794281,6.200653963969947,-0.6193944582115156,-0.987536280398562,-0.004863081030047702,-18.965216659055375,-38.3193846289066,18.849298793649787,23.335611,85.3205683,4.020885467529297,53.13436505886376,4.312810892759379,114.06749190203568,-8.881784197001252e-16,0.0,10.36479809740613,-8.881784197001252e-16,0.0,0.5547980974061293
1790250619271,-0.26953394727963403,8.166557711561587,4.153427650169415,-0.3234538619803938,-0.8620607475273566,0.010342886516907478,-17.90687466413792,-39.367292502288755,18.261825464911478,23.335611,85.3205683,4.020885467529297,63.04257740025256,1.6850663353489241,116.65647528638692,1.3322676295501878e-15,2.220446049250313e-16,9.166039201868712,1.3322676295501878e-15,2.220446049250313e-16,-0.6439607981312889
1790250619384,-0.8180899245547881,8.574602674519669,4.1550587859548775,-0.29585399608379226,-0.86378994663114,-0.06624897756734248,-16.30891578288515,-40.38505251873636,18.135080565114443,23.335611,85.3205683,4.020885467529297,64.14621965470036,4.907325840958614,112.70558180773268,-4.440892098500626e-16,0.0,9.563346467909586,-4.440892098500626e-16,0.0,-0.24665353209041463
1790250619484,-0.8052485185855713,9.082339990807231,4.7942220421769886,-0.4340366674795756,-0.158102394851861,0.16054310266714264,-14.600044702523602,-40.61389035653,18.37485750226152,23.335611,85.3205683,4.020885467529297,62.172130029863325,4.483253992025286,109.93664850774243,4.440892098500626e-16,2.220446049250313e-16,10.301547935868486,4.440892098500626e-16,2.220446049250313e-16,0.49154793586848555
1790250619584,0.2970979105388205,9.089013771694814,7.2636401853903685,-0.21391907373996266,0.9685142819095119,0.2669137107934557,-13.895573824673246,-40.92407036777639,17.59575448444032,23.335611,85.3205683,4.020885467529297,51.36930441962542,-1.4627348973983818,110.18226290325505,8.881784197001252e-16,0.0,11.638681508372088,8.881784197001252e-16,0.0,1.828681508372087
1790250619684,-0.3512503139149289,8.54050324632327,5.224210067416456,0.10689178830743414,0.7401693484508439,0.4396218903877015,-14.440630093523303,-41.381400005764334,16.364002555714087,23.335611,85.3205683,4.020885467529297,58.54595143271189,2.0093557369904427,111.06660854899822,-8.881784197001252e-16,0.0,10.017781356766532,-8.881784197001252e-16,0.0,0.20778135676653164
1790250619784,0.2113594443415934,7.407397402714939,6.772354039579189,-0.18996571808507906,0.17943187828712748,0.3847555848344296,-16.015436738177115,-41.10590669081371,15.744798563007018,23.335611,85.3205683,4.020885467529297,47.56429089717937,-1.2064001548568906,112.68153459912476,0.0,-2.220446049250313e-16,10.038873857852035,0.0,-2.220446049250313e-16,0.22887385785203485
1790250619889,0.07937345278815847,7.8945520846825765,6.263317473321395,0.05547785383403561,0.004974074533316657,0.20927678509997175,-17.580993278423463,-40.481722492769435,14.940246086476376,23.335611,85.3205683,4.020885467529297,51.572496372787874,-0.45127610193899836,115.711171698123,0.0,-4.440892098500626e-16,10.077668308412745,0.0,-4.440892098500626e-16,0.2676683084127447
1790250620004,0.2565250963537932,7.973234110795854,5.233711351340128,0.22678060335557376,0.1319619509820608,0.1745785394880911,-18.7071340209599,-40.245173920353004,15.087718877679478,23.335611,85.3205683,4.020885467529297,56.71870098455097,-1.5406803900830819,119.1384413468732,0.0,0.0,9.540964407216094,0.0,0.0,-0.2690355927839061
1790250620106,0.2291474980484812,7.970899596873938,5.416745657689533,0.1344644720309645,0.1719058966663518,0.07454719925238319,-19.598451544737213,-40.05703212957578,15.293780140645149,23.335611,85.3205683,4.020885467529297,55.80133804159468,-1.3620821524622408,119.85029405664234,-4.440892098500626e-16,-4.440892098500626e-16,9.639962784129688,-4.440892098500626e-16,-4.440892098500626e-16,-0.1700372158703125
1790250620215,-0.2557664095098347,8.24136940803283,5.660787186179811,-0.009760866872236,0.06448798226503004,-0.034560795109106084,-20.528574218525538,-39.830562300133586,15.479108114706495,23.335611,85.3205683,4.020885467529297,55.51581680210427,1.4653728465281406,119.38559752427396,0.0,0.0,10.001504773938294,0.0,0.0,0.19150477393829313
1790250620315,-0.4021630394016043,8.138786463560995,5.802246210259041,0.03169432603400817,-0.04685534772345715,-0.036604915586546216,-20.903050481148806,-39.792142769938415,15.737912727091347,23.335611,85.3205683,4.020885467529297,54.51443773438756,2.3040665202746267,118.96694588910239,-8.881784197001252e-16,-4.440892098500626e-16,10.003381492983753,-8.881784197001252e-16,-4.440892098500626e-16,0.19338149298375207
1790250620423,0.13265647206087872,8.041032897869377,5.456192387022977,0.06325610699905307,0.0005325652404906088,0.02350934954855551,-21.059406089428716,-39.81873296798904,15.738501427028975,23.335611,85.3205683,4.020885467529297,55.841392455010876,-0.7821195455510648,121.18753145939057,1.7763568394002505e-15,4.440892098500626e-16,9.718325121563115,1.7763568394002505e-15,4.440892098500626e-16,-0.09167487843688527
